filename,label_1,label_1_score,label_2,label_2_score,label_3,label_3_score,label_4,label_4_score,label_5,label_5_score,label_6,label_6_score,label_7,label_7_score,label_8,label_8_score,label_9,label_9_score,label_10,label_10_score,label_11,label_11_score,label_12,label_12_score,label_13,label_13_score,label_14,label_14_score,label_15,label_15_score,people_count,emotions,dominant_colors,contains_text
IMG_20231104_160622.jpg,Arm,0.9758,Hand,0.9714,T-shirt,0.9682,Jeans,0.9448,Youth,0.9372,Interior design,0.9261,Furniture,0.9175,Sitting,0.9012,Wrist,0.8778,Room,0.8713,Sharing,0.861,Comfort,0.8407,Chair,0.7468,Lap,0.6141,Living room,0.5793,4,"joy=VERY_LIKELY,sorrow=VERY_UNLIKELY,anger=VERY_UNLIKELY,surprise=VERY_UNLIKELY; joy=LIKELY,sorrow=VERY_UNLIKELY,anger=VERY_UNLIKELY,surprise=VERY_UNLIKELY; joy=VERY_LIKELY,sorrow=VERY_UNLIKELY,anger=VERY_UNLIKELY,surprise=VERY_UNLIKELY; joy=UNLIKELY,sorrow=VERY_UNLIKELY,anger=VERY_UNLIKELY,surprise=VERY_UNLIKELY","#ae9a82,#cdbea6,#35322c",True
IMG_20240602_224142.jpg,Temple,0.958,Social group,0.9552,Crowd,0.9533,Public space,0.9497,Jeans,0.9479,Recreation,0.9401,Community,0.9388,Fun,0.9173,Leisure,0.9132,Pedestrian,0.8539,pole,0.7391,Vacation,0.6912,Party,0.6163,Family reunion,0.5243,N/A,N/A,11,"joy=VERY_LIKELY,sorrow=VERY_UNLIKELY,anger=VERY_UNLIKELY,surprise=VERY_UNLIKELY; joy=VERY_LIKELY,sorrow=VERY_UNLIKELY,anger=VERY_UNLIKELY,surprise=VERY_UNLIKELY; joy=VERY_LIKELY,sorrow=VERY_UNLIKELY,anger=VERY_UNLIKELY,surprise=VERY_UNLIKELY; joy=VERY_LIKELY,sorrow=VERY_UNLIKELY,anger=VERY_UNLIKELY,surprise=VERY_UNLIKELY; joy=VERY_LIKELY,sorrow=VERY_UNLIKELY,anger=VERY_UNLIKELY,surprise=VERY_UNLIKELY; joy=VERY_LIKELY,sorrow=VERY_UNLIKELY,anger=VERY_UNLIKELY,surprise=VERY_UNLIKELY; joy=VERY_LIKELY,sorrow=VERY_UNLIKELY,anger=VERY_UNLIKELY,surprise=VERY_UNLIKELY; joy=VERY_LIKELY,sorrow=VERY_UNLIKELY,anger=VERY_UNLIKELY,surprise=VERY_UNLIKELY; joy=VERY_LIKELY,sorrow=VERY_UNLIKELY,anger=VERY_UNLIKELY,surprise=VERY_UNLIKELY; joy=VERY_LIKELY,sorrow=VERY_UNLIKELY,anger=VERY_UNLIKELY,surprise=VERY_UNLIKELY; joy=VERY_LIKELY,sorrow=VERY_UNLIKELY,anger=VERY_UNLIKELY,surprise=VERY_UNLIKELY","#b0d4f3,#c1e1f9,#8dc3f8",True
IMG_20240603_224251.jpg,Temple,0.9573,Social group,0.9555,Recreation,0.9387,Community,0.9378,Jeans,0.9322,Fun,0.9209,Leisure,0.9168,Public space,0.9157,Luggage & bags,0.8665,Vacation,0.7885,Sunglasses,0.7448,Crowd,0.6964,Holiday,0.6472,Backpack,0.6197,Family reunion,0.6064,11,"joy=VERY_LIKELY,sorrow=VERY_UNLIKELY,anger=VERY_UNLIKELY,surprise=VERY_UNLIKELY; joy=VERY_LIKELY,sorrow=VERY_UNLIKELY,anger=VERY_UNLIKELY,surprise=VERY_UNLIKELY; joy=VERY_LIKELY,sorrow=VERY_UNLIKELY,anger=VERY_UNLIKELY,surprise=VERY_UNLIKELY; joy=VERY_LIKELY,sorrow=VERY_UNLIKELY,anger=VERY_UNLIKELY,surprise=VERY_UNLIKELY; joy=VERY_LIKELY,sorrow=VERY_UNLIKELY,anger=VERY_UNLIKELY,surprise=VERY_UNLIKELY; joy=VERY_LIKELY,sorrow=VERY_UNLIKELY,anger=VERY_UNLIKELY,surprise=VERY_UNLIKELY; joy=VERY_LIKELY,sorrow=VERY_UNLIKELY,anger=VERY_UNLIKELY,surprise=VERY_UNLIKELY; joy=VERY_LIKELY,sorrow=VERY_UNLIKELY,anger=VERY_UNLIKELY,surprise=VERY_UNLIKELY; joy=VERY_LIKELY,sorrow=VERY_UNLIKELY,anger=VERY_UNLIKELY,surprise=VERY_UNLIKELY; joy=VERY_LIKELY,sorrow=VERY_UNLIKELY,anger=VERY_UNLIKELY,surprise=VERY_UNLIKELY; joy=VERY_LIKELY,sorrow=VERY_UNLIKELY,anger=VERY_UNLIKELY,surprise=VERY_UNLIKELY","#94a27a,#bcc27b,#cac0a2",True
PXL_20250420_020645524.MP.jpg,Advertising,0.7999,Logo,0.799,Restaurant,0.59,Sign,0.5478,N/A,N/A,N/A,N/A,N/A,N/A,N/A,N/A,N/A,N/A,N/A,N/A,N/A,N/A,N/A,N/A,N/A,N/A,N/A,N/A,N/A,N/A,7,"joy=VERY_LIKELY,sorrow=VERY_UNLIKELY,anger=VERY_UNLIKELY,surprise=VERY_UNLIKELY; joy=VERY_LIKELY,sorrow=VERY_UNLIKELY,anger=VERY_UNLIKELY,surprise=VERY_UNLIKELY; joy=VERY_LIKELY,sorrow=VERY_UNLIKELY,anger=VERY_UNLIKELY,surprise=VERY_UNLIKELY; joy=VERY_LIKELY,sorrow=VERY_UNLIKELY,anger=VERY_UNLIKELY,surprise=VERY_UNLIKELY; joy=VERY_LIKELY,sorrow=VERY_UNLIKELY,anger=VERY_UNLIKELY,surprise=VERY_UNLIKELY; joy=VERY_LIKELY,sorrow=VERY_UNLIKELY,anger=VERY_UNLIKELY,surprise=VERY_UNLIKELY; joy=VERY_LIKELY,sorrow=VERY_UNLIKELY,anger=VERY_UNLIKELY,surprise=VERY_UNLIKELY","#b7b8c1,#9b9aa3,#383334",True
IMG-20250523-WA0006.jpg,Tableware,0.978,Furniture,0.9717,Table,0.9658,Smile,0.9639,Food,0.9501,Dishware,0.9194,Plate,0.9053,Drinkware,0.9002,Serveware,0.8906,Chair,0.8732,Customer,0.8623,Restaurant,0.8455,Sharing,0.8265,Supper,0.8001,Lunch,0.7938,6,"joy=VERY_LIKELY,sorrow=VERY_UNLIKELY,anger=VERY_UNLIKELY,surprise=VERY_UNLIKELY; joy=POSSIBLE,sorrow=VERY_UNLIKELY,anger=VERY_UNLIKELY,surprise=VERY_UNLIKELY; joy=VERY_LIKELY,sorrow=VERY_UNLIKELY,anger=VERY_UNLIKELY,surprise=VERY_UNLIKELY; joy=VERY_LIKELY,sorrow=VERY_UNLIKELY,anger=VERY_UNLIKELY,surprise=VERY_UNLIKELY; joy=VERY_LIKELY,sorrow=VERY_UNLIKELY,anger=VERY_UNLIKELY,surprise=VERY_UNLIKELY; joy=VERY_LIKELY,sorrow=VERY_UNLIKELY,anger=VERY_UNLIKELY,surprise=VERY_UNLIKELY","#403020,#16100e,#8a7760",True
IMG_20250220_080225.heic,Logo,0.7367,Varnish,0.6548,Picture frame,0.6345,Customer,0.617,Pub,0.5942,N/A,N/A,N/A,N/A,N/A,N/A,N/A,N/A,N/A,N/A,N/A,N/A,N/A,N/A,N/A,N/A,N/A,N/A,N/A,N/A,2,"joy=VERY_LIKELY,sorrow=VERY_UNLIKELY,anger=VERY_UNLIKELY,surprise=VERY_UNLIKELY; joy=VERY_LIKELY,sorrow=VERY_UNLIKELY,anger=VERY_UNLIKELY,surprise=VERY_UNLIKELY","#4b2917,#180c07,#341507",True
IMG_20240418_231228.jpg,Shoulder,0.9808,Arm,0.9742,Sportswear,0.9088,Waist,0.8712,Wrist,0.8704,Elbow,0.8669,Active Pants,0.8636,Physical fitness,0.8433,Yoga pants,0.8425,Muscle,0.8398,Abdomen,0.8304,Torso,0.7828,Tights,0.773,Thorax,0.7593,Leggings,0.7521,3,"joy=VERY_UNLIKELY,sorrow=VERY_UNLIKELY,anger=VERY_UNLIKELY,surprise=VERY_UNLIKELY; joy=VERY_LIKELY,sorrow=VERY_UNLIKELY,anger=VERY_UNLIKELY,surprise=VERY_UNLIKELY; joy=VERY_LIKELY,sorrow=VERY_UNLIKELY,anger=VERY_UNLIKELY,surprise=VERY_UNLIKELY","#8c9fbe,#f7f9f2,#341408",True
IMG_20240418_231225.jpg,Shoulder,0.9774,Arm,0.9736,Sportswear,0.9213,Physical fitness,0.9131,Waist,0.8741,Active Pants,0.8725,Muscle,0.8593,Yoga pants,0.8514,Tights,0.8451,Abdomen,0.8401,Knee,0.8374,Torso,0.7874,Entertainment,0.7865,Exercise,0.7827,Leggings,0.7708,4,"joy=VERY_UNLIKELY,sorrow=VERY_UNLIKELY,anger=VERY_UNLIKELY,surprise=VERY_UNLIKELY; joy=VERY_LIKELY,sorrow=VERY_UNLIKELY,anger=VERY_UNLIKELY,surprise=VERY_UNLIKELY; joy=VERY_UNLIKELY,sorrow=VERY_UNLIKELY,anger=VERY_UNLIKELY,surprise=VERY_UNLIKELY; joy=VERY_UNLIKELY,sorrow=VERY_UNLIKELY,anger=VERY_UNLIKELY,surprise=VERY_UNLIKELY","#1c120e,#f4f6ec,#433321",False
IMG_20240418_231221.jpg,Shoulder,0.9799,Arm,0.9733,Wrist,0.8714,Elbow,0.8659,Waist,0.8612,Muscle,0.8499,Active Pants,0.838,Physical fitness,0.8197,Happiness,0.801,Fun,0.7682,Thorax,0.7334,Abdomen,0.7301,Torso,0.7199,Yoga pants,0.6819,Leggings,0.6654,4,"joy=VERY_LIKELY,sorrow=VERY_UNLIKELY,anger=VERY_UNLIKELY,surprise=VERY_UNLIKELY; joy=VERY_UNLIKELY,sorrow=VERY_UNLIKELY,anger=VERY_UNLIKELY,surprise=VERY_UNLIKELY; joy=UNLIKELY,sorrow=VERY_UNLIKELY,anger=VERY_UNLIKELY,surprise=VERY_UNLIKELY; joy=VERY_UNLIKELY,sorrow=VERY_UNLIKELY,anger=VERY_UNLIKELY,surprise=VERY_UNLIKELY","#1d130f,#331307,#f5f6eb",False
IMG_20240418_231217.jpg,Shoulder,0.9783,Physical fitness,0.9348,Sportswear,0.9161,Active Pants,0.8733,Waist,0.8708,Muscle,0.8605,Yoga pants,0.8443,Abdomen,0.8293,Knee,0.8187,Exercise,0.8091,Tights,0.802,Leggings,0.7872,Sweatpants,0.7782,Torso,0.776,Thorax,0.763,7,"joy=VERY_UNLIKELY,sorrow=VERY_UNLIKELY,anger=VERY_UNLIKELY,surprise=VERY_UNLIKELY; joy=VERY_UNLIKELY,sorrow=VERY_UNLIKELY,anger=VERY_UNLIKELY,surprise=VERY_UNLIKELY; joy=VERY_LIKELY,sorrow=VERY_UNLIKELY,anger=VERY_UNLIKELY,surprise=VERY_UNLIKELY; joy=VERY_UNLIKELY,sorrow=VERY_UNLIKELY,anger=VERY_UNLIKELY,surprise=VERY_UNLIKELY; joy=LIKELY,sorrow=VERY_UNLIKELY,anger=VERY_UNLIKELY,surprise=VERY_UNLIKELY; joy=VERY_UNLIKELY,sorrow=VERY_UNLIKELY,anger=VERY_UNLIKELY,surprise=VERY_UNLIKELY; joy=VERY_UNLIKELY,sorrow=VERY_UNLIKELY,anger=VERY_UNLIKELY,surprise=VERY_UNLIKELY","#1b120e,#f4f6eb,#f3f4d6",False
IMG_20240418_231213.jpg,Shoulder,0.9777,Physical fitness,0.9739,Exercise,0.9554,Knee,0.92,Wrist,0.9025,Flooring,0.8978,Elbow,0.8737,Muscle,0.8612,Waist,0.8553,Abdomen,0.8363,Room,0.8354,Torso,0.7933,Thorax,0.7686,Balance,0.7471,Training,0.7433,4,"joy=VERY_UNLIKELY,sorrow=VERY_UNLIKELY,anger=VERY_UNLIKELY,surprise=VERY_UNLIKELY; joy=UNLIKELY,sorrow=VERY_UNLIKELY,anger=VERY_UNLIKELY,surprise=VERY_UNLIKELY; joy=VERY_UNLIKELY,sorrow=VERY_UNLIKELY,anger=VERY_UNLIKELY,surprise=VERY_UNLIKELY; joy=VERY_LIKELY,sorrow=VERY_UNLIKELY,anger=VERY_UNLIKELY,surprise=VERY_UNLIKELY","#fbfbf3,#492711,#582c0b",False
IMG_9425.jpg,Tableware,0.9738,Furniture,0.9639,Table,0.9613,Smile,0.9569,Shirt,0.9506,Food,0.9465,Chair,0.9083,Plate,0.8919,Restaurant,0.8836,Dishware,0.8834,Sharing,0.8484,Customer,0.8479,Drinkware,0.8445,Supper,0.8133,Lunch,0.7985,10,"joy=VERY_LIKELY,sorrow=VERY_UNLIKELY,anger=VERY_UNLIKELY,surprise=VERY_UNLIKELY; joy=VERY_LIKELY,sorrow=VERY_UNLIKELY,anger=VERY_UNLIKELY,surprise=VERY_UNLIKELY; joy=VERY_LIKELY,sorrow=VERY_UNLIKELY,anger=VERY_UNLIKELY,surprise=VERY_UNLIKELY; joy=VERY_LIKELY,sorrow=VERY_UNLIKELY,anger=VERY_UNLIKELY,surprise=VERY_UNLIKELY; joy=UNLIKELY,sorrow=VERY_UNLIKELY,anger=VERY_UNLIKELY,surprise=VERY_UNLIKELY; joy=VERY_LIKELY,sorrow=VERY_UNLIKELY,anger=VERY_UNLIKELY,surprise=VERY_UNLIKELY; joy=VERY_LIKELY,sorrow=VERY_UNLIKELY,anger=VERY_UNLIKELY,surprise=VERY_UNLIKELY; joy=UNLIKELY,sorrow=VERY_UNLIKELY,anger=VERY_UNLIKELY,surprise=VERY_UNLIKELY; joy=VERY_LIKELY,sorrow=VERY_UNLIKELY,anger=VERY_UNLIKELY,surprise=VERY_UNLIKELY; joy=VERY_LIKELY,sorrow=VERY_UNLIKELY,anger=VERY_UNLIKELY,surprise=VERY_UNLIKELY","#afa25d,#171311,#35302f",True
Screenshot_20250304-083511.png,Physical fitness,0.8258,Exercise,0.7981,Training,0.6035,N/A,N/A,N/A,N/A,N/A,N/A,N/A,N/A,N/A,N/A,N/A,N/A,N/A,N/A,N/A,N/A,N/A,N/A,N/A,N/A,N/A,N/A,N/A,N/A,2,"joy=VERY_LIKELY,sorrow=VERY_UNLIKELY,anger=VERY_UNLIKELY,surprise=VERY_UNLIKELY; joy=VERY_LIKELY,sorrow=VERY_UNLIKELY,anger=VERY_UNLIKELY,surprise=VERY_UNLIKELY","#d69b48,#e8aa4f,#cd9859",True
IMG-20250616-WA0000.jpg,Smile,0.8716,Happiness,0.839,Selfie,0.8062,Beard,0.7647,Fun,0.7529,Facial hair,0.7443,Gadget,0.6803,Mobile phone,0.6128,Baseball cap,0.5232,Photobombing,0.5009,N/A,N/A,N/A,N/A,N/A,N/A,N/A,N/A,N/A,N/A,5,"joy=VERY_UNLIKELY,sorrow=VERY_UNLIKELY,anger=VERY_UNLIKELY,surprise=VERY_UNLIKELY; joy=LIKELY,sorrow=VERY_UNLIKELY,anger=VERY_UNLIKELY,surprise=VERY_UNLIKELY; joy=POSSIBLE,sorrow=VERY_UNLIKELY,anger=VERY_UNLIKELY,surprise=VERY_UNLIKELY; joy=VERY_UNLIKELY,sorrow=VERY_UNLIKELY,anger=VERY_UNLIKELY,surprise=VERY_UNLIKELY; joy=VERY_LIKELY,sorrow=VERY_UNLIKELY,anger=VERY_UNLIKELY,surprise=UNLIKELY","#fbfafa,#1c1714,#392e2a",True
Screenshot_20250624-235218~2.png,N/A,N/A,N/A,N/A,N/A,N/A,N/A,N/A,N/A,N/A,N/A,N/A,N/A,N/A,N/A,N/A,N/A,N/A,N/A,N/A,N/A,N/A,N/A,N/A,N/A,N/A,N/A,N/A,N/A,N/A,N/A,N/A,N/A,N/A
IMG-20250722-WA0009.jpg,Happiness,0.9364,Selfie,0.7971,Mobile phone,0.6765,Screenshot,0.6335,N/A,N/A,N/A,N/A,N/A,N/A,N/A,N/A,N/A,N/A,N/A,N/A,N/A,N/A,N/A,N/A,N/A,N/A,N/A,N/A,N/A,N/A,2,"joy=LIKELY,sorrow=VERY_UNLIKELY,anger=VERY_UNLIKELY,surprise=VERY_UNLIKELY; joy=VERY_LIKELY,sorrow=VERY_UNLIKELY,anger=VERY_UNLIKELY,surprise=VERY_UNLIKELY","#f9f9f8,#3b9af3,#a29c96",True
IMG_20240418_225739.jpg,Shoulder,0.9739,Physical fitness,0.9105,Sportswear,0.9037,Smile,0.8913,Happiness,0.8816,Muscle,0.8698,Exercise,0.8596,Active Pants,0.8467,Waist,0.8374,Entertainment,0.7919,Fun,0.7887,Thorax,0.7431,Performing Arts,0.7106,Leggings,0.6823,Abdomen,0.6563,3,"joy=UNLIKELY,sorrow=VERY_UNLIKELY,anger=VERY_UNLIKELY,surprise=VERY_UNLIKELY; joy=VERY_UNLIKELY,sorrow=VERY_UNLIKELY,anger=VERY_UNLIKELY,surprise=VERY_UNLIKELY; joy=VERY_UNLIKELY,sorrow=VERY_UNLIKELY,anger=VERY_UNLIKELY,surprise=VERY_UNLIKELY","#f4f7f4,#1f1611,#8da0bd",True
IMG-20250815-WA0041.jpg,Physical fitness,0.9417,Smile,0.9161,Muscle,0.8678,Knee,0.8504,Exercise,0.7871,Leisure,0.7832,Professional fitness coach,0.66,Training,0.6288,Abdomen,0.6249,Gym,0.6142,Active Pants,0.5286,Sports training,0.523,N/A,N/A,N/A,N/A,N/A,N/A,8,"joy=VERY_LIKELY,sorrow=VERY_UNLIKELY,anger=VERY_UNLIKELY,surprise=VERY_UNLIKELY; joy=VERY_LIKELY,sorrow=VERY_UNLIKELY,anger=VERY_UNLIKELY,surprise=VERY_UNLIKELY; joy=VERY_LIKELY,sorrow=VERY_UNLIKELY,anger=VERY_UNLIKELY,surprise=VERY_UNLIKELY; joy=VERY_LIKELY,sorrow=VERY_UNLIKELY,anger=VERY_UNLIKELY,surprise=VERY_UNLIKELY; joy=VERY_LIKELY,sorrow=VERY_UNLIKELY,anger=VERY_UNLIKELY,surprise=VERY_UNLIKELY; joy=VERY_LIKELY,sorrow=VERY_UNLIKELY,anger=VERY_UNLIKELY,surprise=VERY_UNLIKELY; joy=VERY_LIKELY,sorrow=VERY_UNLIKELY,anger=VERY_UNLIKELY,surprise=VERY_UNLIKELY; joy=VERY_LIKELY,sorrow=VERY_UNLIKELY,anger=VERY_UNLIKELY,surprise=VERY_UNLIKELY","#3f3835,#3c5470,#2f5a89",True
PXL_20250828_041543150.jpg,N/A,N/A,N/A,N/A,N/A,N/A,N/A,N/A,N/A,N/A,N/A,N/A,N/A,N/A,N/A,N/A,N/A,N/A,N/A,N/A,N/A,N/A,N/A,N/A,N/A,N/A,N/A,N/A,N/A,N/A,N/A,N/A,N/A,N/A
received_1872197956661620.jpeg,Arm,0.9727,Trousers,0.9632,Human body,0.9556,Leg,0.9551,Jeans,0.9487,Youth,0.9329,Happiness,0.9258,Smile,0.9088,Fun,0.869,Room,0.8512,Denim,0.8474,Ceiling,0.7727,Laughter,0.5371,Boot,0.5322,N/A,N/A,3,"joy=VERY_LIKELY,sorrow=VERY_UNLIKELY,anger=VERY_UNLIKELY,surprise=VERY_UNLIKELY; joy=VERY_LIKELY,sorrow=VERY_UNLIKELY,anger=VERY_UNLIKELY,surprise=VERY_UNLIKELY; joy=VERY_LIKELY,sorrow=VERY_UNLIKELY,anger=VERY_UNLIKELY,surprise=VERY_UNLIKELY","#dac9ab,#ebdaba,#ac9a84",False
received_1305994644645848.jpeg,Finger,0.9542,Fun,0.8465,Nail,0.7712,Happiness,0.5957,Child,0.5639,N/A,N/A,N/A,N/A,N/A,N/A,N/A,N/A,N/A,N/A,N/A,N/A,N/A,N/A,N/A,N/A,N/A,N/A,N/A,N/A,4,"joy=VERY_UNLIKELY,sorrow=VERY_UNLIKELY,anger=VERY_UNLIKELY,surprise=VERY_UNLIKELY; joy=VERY_UNLIKELY,sorrow=VERY_UNLIKELY,anger=VERY_UNLIKELY,surprise=VERY_UNLIKELY; joy=VERY_UNLIKELY,sorrow=VERY_UNLIKELY,anger=VERY_UNLIKELY,surprise=VERY_UNLIKELY; joy=VERY_UNLIKELY,sorrow=VERY_UNLIKELY,anger=VERY_UNLIKELY,surprise=VERY_UNLIKELY","#1c160f,#867964,#291c0c",False
received_3257722264394798.jpeg,Tableware,0.9835,Food,0.9821,Furniture,0.9819,Table,0.974,Dishware,0.9619,T-shirt,0.9603,Drinkware,0.9593,Serveware,0.9446,Plate,0.9415,Smile,0.9413,Chair,0.8566,Sharing,0.8498,Supper,0.8329,Porcelain,0.8211,Lunch,0.8164,3,"joy=VERY_LIKELY,sorrow=VERY_UNLIKELY,anger=VERY_UNLIKELY,surprise=VERY_UNLIKELY; joy=VERY_LIKELY,sorrow=VERY_UNLIKELY,anger=VERY_UNLIKELY,surprise=VERY_UNLIKELY; joy=VERY_LIKELY,sorrow=VERY_UNLIKELY,anger=VERY_UNLIKELY,surprise=VERY_UNLIKELY","#170c08,#817260,#5f534d",True
IMG-20250926-WA0030.jpg,Eyewear,0.9956,Glasses,0.987,Happiness,0.9851,Vision Care,0.985,Smile,0.9847,Temple,0.9554,Black hair,0.9496,Facial expression,0.9448,Fun,0.9225,Friendship,0.8721,Leisure,0.8498,People in nature,0.848,Selfie,0.822,Vacation,0.8051,Goggles,0.7971,2,"joy=LIKELY,sorrow=VERY_UNLIKELY,anger=VERY_UNLIKELY,surprise=VERY_UNLIKELY; joy=LIKELY,sorrow=VERY_UNLIKELY,anger=VERY_UNLIKELY,surprise=VERY_UNLIKELY","#83bbfd,#29324b,#c5c09e",False
PXL_20250929_015546575.MP.jpg,Smile,0.9798,Facial expression,0.9448,Facial hair,0.8445,Happiness,0.8223,Beard,0.7896,Active Shirt,0.7002,Moustache,0.6577,N/A,N/A,N/A,N/A,N/A,N/A,N/A,N/A,N/A,N/A,N/A,N/A,N/A,N/A,N/A,N/A,1,"joy=VERY_LIKELY,sorrow=VERY_UNLIKELY,anger=VERY_UNLIKELY,surprise=VERY_UNLIKELY","#86a5c1,#acc8e2,#697a8e",True
PXL_20250929_011632184.MP.jpg,Sky,0.992,Daytime,0.9811,Cloud,0.974,Cumulus,0.8372,Leisure,0.7661,Travel,0.756,Meteorological phenomenon,0.7313,Vacation,0.6371,N/A,N/A,N/A,N/A,N/A,N/A,N/A,N/A,N/A,N/A,N/A,N/A,N/A,N/A,0,N/A,"#c3c2c3,#9ea6af,#eae3d9",False
IMG-20250928-WA0010.jpg,Happiness,0.9801,Black hair,0.9702,Neck,0.9557,Facial expression,0.9449,Smile,0.9371,Fun,0.9079,Eyelash,0.8785,Facial hair,0.8519,Selfie,0.8489,Barechestedness,0.844,Love,0.7901,Leisure,0.786,Thorax,0.7727,Vacation,0.7586,Beard,0.6876,2,"joy=VERY_UNLIKELY,sorrow=VERY_UNLIKELY,anger=UNLIKELY,surprise=VERY_LIKELY; joy=VERY_LIKELY,sorrow=VERY_UNLIKELY,anger=VERY_UNLIKELY,surprise=VERY_UNLIKELY","#bce2f0,#b2d8e7,#ad9988",False
IMG-20250928-WA0009.jpg,Fun,0.8086,Walking Shoe,0.6101,N/A,N/A,N/A,N/A,N/A,N/A,N/A,N/A,N/A,N/A,N/A,N/A,N/A,N/A,N/A,N/A,N/A,N/A,N/A,N/A,N/A,N/A,N/A,N/A,N/A,N/A,1,"joy=VERY_UNLIKELY,sorrow=VERY_UNLIKELY,anger=VERY_UNLIKELY,surprise=VERY_UNLIKELY","#2b3b75,#334481,#d1b79a",False
Screenshot_20251023-143308.png,Physical fitness,0.9081,Exercise,0.8447,Training,0.6212,Strength training,0.5632,Calf,0.5603,CrossFit,0.5281,Exercise equipment,0.5161,Balance,0.5039,N/A,N/A,N/A,N/A,N/A,N/A,N/A,N/A,N/A,N/A,N/A,N/A,N/A,N/A,2,"joy=VERY_UNLIKELY,sorrow=VERY_UNLIKELY,anger=VERY_UNLIKELY,surprise=VERY_UNLIKELY; joy=VERY_UNLIKELY,sorrow=VERY_UNLIKELY,anger=VERY_UNLIKELY,surprise=VERY_UNLIKELY","#333231,#7b776f,#9d9990",True
Screenshot_20251023-135353.png,Physical fitness,0.9549,Exercise,0.932,Wrist,0.8844,Muscle,0.8832,Knee,0.8755,Elbow,0.8691,Exercise equipment,0.8306,Strength training,0.7754,Professional fitness coach,0.7725,Gym,0.7571,Training,0.7157,CrossFit,0.6816,Sports training,0.6683,Balance,0.6071,Weight training,0.5885,3,"joy=VERY_UNLIKELY,sorrow=VERY_UNLIKELY,anger=VERY_UNLIKELY,surprise=VERY_UNLIKELY; joy=VERY_UNLIKELY,sorrow=VERY_UNLIKELY,anger=VERY_UNLIKELY,surprise=VERY_UNLIKELY; joy=VERY_UNLIKELY,sorrow=VERY_UNLIKELY,anger=VERY_UNLIKELY,surprise=VERY_UNLIKELY","#9e9581,#989489,#857b66",False
PXL_20251025_052254422.MP.jpg,Flooring,0.947,Floor,0.9289,Bicycle tire,0.8747,Bicycle,0.7957,Bicycle wheel,0.7827,Wood flooring,0.78,Bicycle Wheel Rim,0.7766,Hardwood,0.7175,Spoke,0.6658,Bicycle frame,0.6539,Wood stain,0.649,Bicycles--Equipment and supplies,0.6429,Laminate flooring,0.5166,N/A,N/A,N/A,N/A,0,N/A,"#120904,#59524b,#472a19",True
IMG_20251026_165635_164.jpg,People,0.9944,Smile,0.9908,Happiness,0.9843,Shirt,0.9533,Textile,0.948,Interior design,0.9463,Facial expression,0.9446,Friendship,0.8496,Family reunion,0.8325,Family,0.7851,Fun,0.7621,Party,0.6617,Curtain,0.6395,Family pictures,0.6034,Laughter,0.5705,9,"joy=VERY_LIKELY,sorrow=VERY_UNLIKELY,anger=VERY_UNLIKELY,surprise=VERY_UNLIKELY; joy=VERY_LIKELY,sorrow=VERY_UNLIKELY,anger=VERY_UNLIKELY,surprise=VERY_UNLIKELY; joy=LIKELY,sorrow=VERY_UNLIKELY,anger=VERY_UNLIKELY,surprise=VERY_UNLIKELY; joy=VERY_LIKELY,sorrow=VERY_UNLIKELY,anger=VERY_UNLIKELY,surprise=VERY_UNLIKELY; joy=VERY_LIKELY,sorrow=VERY_UNLIKELY,anger=VERY_UNLIKELY,surprise=VERY_UNLIKELY; joy=VERY_LIKELY,sorrow=VERY_UNLIKELY,anger=VERY_UNLIKELY,surprise=VERY_UNLIKELY; joy=VERY_LIKELY,sorrow=VERY_UNLIKELY,anger=VERY_UNLIKELY,surprise=VERY_UNLIKELY; joy=VERY_LIKELY,sorrow=VERY_UNLIKELY,anger=VERY_UNLIKELY,surprise=VERY_UNLIKELY; joy=VERY_LIKELY,sorrow=VERY_UNLIKELY,anger=VERY_UNLIKELY,surprise=VERY_UNLIKELY","#baeade,#cdc1a8,#bec0b9",False
IMG-20251026-WA0040.jpg,Smile,0.9872,Sleeve,0.985,Happiness,0.9831,Eyewear,0.982,Glasses,0.9792,Vision Care,0.9642,Temple,0.9541,Textile,0.9483,Facial expression,0.9448,Standing,0.9409,Friendship,0.8703,Fashion design,0.7807,Love,0.7736,Fun,0.7703,N/A,N/A,2,"joy=VERY_LIKELY,sorrow=VERY_UNLIKELY,anger=VERY_UNLIKELY,surprise=VERY_UNLIKELY; joy=VERY_LIKELY,sorrow=VERY_UNLIKELY,anger=VERY_UNLIKELY,surprise=VERY_UNLIKELY","#d0bca3,#ae9c88,#8b7b67",False
PXL_20251101_060813655.MP.jpg,Smile,0.9817,Face,0.98,Hat,0.9763,Beard,0.9012,Sun hat,0.8928,Cap,0.884,Facial hair,0.8751,Fun,0.8582,Logo,0.8154,Sunglasses,0.8101,Fedora,0.7825,Necklace,0.7244,Goggles,0.7121,Moustache,0.7078,Baseball cap,0.6452,3,"joy=VERY_LIKELY,sorrow=VERY_UNLIKELY,anger=VERY_UNLIKELY,surprise=VERY_UNLIKELY; joy=VERY_LIKELY,sorrow=VERY_UNLIKELY,anger=VERY_UNLIKELY,surprise=VERY_UNLIKELY; joy=VERY_LIKELY,sorrow=VERY_UNLIKELY,anger=VERY_UNLIKELY,surprise=VERY_UNLIKELY","#110e0f,#e4bf5f,#897c67",True
PXL_20251101_060810706.jpg,Smile,0.9673,Hat,0.9424,Jacket,0.887,Fun,0.8667,Cap,0.8136,Beard,0.7984,Facial hair,0.794,Logo,0.7922,Sun hat,0.7884,Fedora,0.7403,Sunglasses,0.6515,Moustache,0.5592,Advertising,0.5553,Graphic design,0.5127,N/A,N/A,3,"joy=VERY_LIKELY,sorrow=VERY_UNLIKELY,anger=VERY_UNLIKELY,surprise=VERY_UNLIKELY; joy=UNLIKELY,sorrow=LIKELY,anger=VERY_UNLIKELY,surprise=VERY_UNLIKELY; joy=POSSIBLE,sorrow=VERY_UNLIKELY,anger=VERY_UNLIKELY,surprise=VERY_UNLIKELY","#e3be5f,#120f0f,#e9c248",True
PXL_20251101_055618422.jpg,Smile,0.9668,Outerwear,0.9572,Jacket,0.8927,Logo,0.8516,Graphic design,0.6542,Scarf,0.5914,Advertising,0.5561,N/A,N/A,N/A,N/A,N/A,N/A,N/A,N/A,N/A,N/A,N/A,N/A,N/A,N/A,N/A,N/A,3,"joy=VERY_LIKELY,sorrow=VERY_UNLIKELY,anger=VERY_UNLIKELY,surprise=VERY_UNLIKELY; joy=VERY_LIKELY,sorrow=VERY_UNLIKELY,anger=VERY_UNLIKELY,surprise=VERY_UNLIKELY; joy=VERY_LIKELY,sorrow=VERY_UNLIKELY,anger=VERY_UNLIKELY,surprise=VERY_UNLIKELY","#110e10,#2e070c,#e2be5e",True
PXL_20251101_055619106.jpg,Outerwear,0.9579,Smile,0.9572,Jacket,0.8908,Logo,0.8403,Graphic design,0.5916,Advertising,0.5375,Scarf,0.5083,N/A,N/A,N/A,N/A,N/A,N/A,N/A,N/A,N/A,N/A,N/A,N/A,N/A,N/A,N/A,N/A,3,"joy=VERY_LIKELY,sorrow=VERY_UNLIKELY,anger=VERY_UNLIKELY,surprise=VERY_UNLIKELY; joy=VERY_LIKELY,sorrow=VERY_UNLIKELY,anger=VERY_UNLIKELY,surprise=VERY_UNLIKELY; joy=VERY_LIKELY,sorrow=VERY_UNLIKELY,anger=VERY_UNLIKELY,surprise=VERY_UNLIKELY","#110e10,#2e070c,#e4bf5e",True
PXL_20251101_055616540.MP.jpg,Outerwear,0.9575,Smile,0.9503,Jacket,0.9127,Logo,0.832,Hoodie,0.5472,Graphic design,0.5311,N/A,N/A,N/A,N/A,N/A,N/A,N/A,N/A,N/A,N/A,N/A,N/A,N/A,N/A,N/A,N/A,N/A,N/A,2,"joy=UNLIKELY,sorrow=VERY_UNLIKELY,anger=VERY_UNLIKELY,surprise=VERY_UNLIKELY; joy=LIKELY,sorrow=VERY_UNLIKELY,anger=VERY_UNLIKELY,surprise=VERY_UNLIKELY","#100d10,#2d070d,#e3bf60",True
PXL_20251101_055617697.jpg,Smile,0.971,Outerwear,0.9584,Jacket,0.9134,Coat,0.8634,Logo,0.8423,Graphic design,0.6503,Scarf,0.6197,N/A,N/A,N/A,N/A,N/A,N/A,N/A,N/A,N/A,N/A,N/A,N/A,N/A,N/A,N/A,N/A,3,"joy=VERY_LIKELY,sorrow=VERY_UNLIKELY,anger=VERY_UNLIKELY,surprise=VERY_UNLIKELY; joy=VERY_LIKELY,sorrow=VERY_UNLIKELY,anger=VERY_UNLIKELY,surprise=VERY_UNLIKELY; joy=VERY_LIKELY,sorrow=VERY_UNLIKELY,anger=VERY_UNLIKELY,surprise=VERY_UNLIKELY","#110e0f,#2d070b,#e3bf5e",True
tvt5SnwTbGoukRylKk1X.jpg,Smile,0.9811,Social group,0.9624,Youth,0.9378,Jeans,0.9332,Community,0.9323,Team,0.891,Leisure,0.859,Crowd,0.8043,Fun,0.7969,Student,0.6562,Happiness,0.6327,Academic institution,0.6024,Crew,0.5989,Family reunion,0.5876,Campus,0.5185,20,"joy=UNLIKELY,sorrow=VERY_UNLIKELY,anger=VERY_UNLIKELY,surprise=VERY_UNLIKELY; joy=VERY_UNLIKELY,sorrow=VERY_UNLIKELY,anger=VERY_UNLIKELY,surprise=VERY_UNLIKELY; joy=UNLIKELY,sorrow=VERY_UNLIKELY,anger=VERY_UNLIKELY,surprise=VERY_UNLIKELY; joy=VERY_LIKELY,sorrow=VERY_UNLIKELY,anger=VERY_UNLIKELY,surprise=VERY_UNLIKELY; joy=VERY_LIKELY,sorrow=VERY_UNLIKELY,anger=VERY_UNLIKELY,surprise=VERY_UNLIKELY; joy=VERY_UNLIKELY,sorrow=VERY_UNLIKELY,anger=VERY_UNLIKELY,surprise=VERY_UNLIKELY; joy=UNLIKELY,sorrow=VERY_UNLIKELY,anger=VERY_UNLIKELY,surprise=VERY_UNLIKELY; joy=POSSIBLE,sorrow=VERY_UNLIKELY,anger=VERY_UNLIKELY,surprise=VERY_UNLIKELY; joy=VERY_LIKELY,sorrow=VERY_UNLIKELY,anger=VERY_UNLIKELY,surprise=VERY_UNLIKELY; joy=LIKELY,sorrow=VERY_UNLIKELY,anger=VERY_UNLIKELY,surprise=VERY_UNLIKELY; joy=VERY_LIKELY,sorrow=VERY_UNLIKELY,anger=VERY_UNLIKELY,surprise=VERY_UNLIKELY; joy=POSSIBLE,sorrow=VERY_UNLIKELY,anger=VERY_UNLIKELY,surprise=VERY_UNLIKELY; joy=POSSIBLE,sorrow=VERY_UNLIKELY,anger=VERY_UNLIKELY,surprise=VERY_UNLIKELY; joy=VERY_UNLIKELY,sorrow=VERY_UNLIKELY,anger=VERY_UNLIKELY,surprise=VERY_UNLIKELY; joy=VERY_LIKELY,sorrow=VERY_UNLIKELY,anger=VERY_UNLIKELY,surprise=VERY_UNLIKELY; joy=VERY_UNLIKELY,sorrow=VERY_UNLIKELY,anger=VERY_UNLIKELY,surprise=VERY_UNLIKELY; joy=VERY_UNLIKELY,sorrow=VERY_UNLIKELY,anger=VERY_UNLIKELY,surprise=VERY_UNLIKELY; joy=VERY_UNLIKELY,sorrow=VERY_UNLIKELY,anger=VERY_UNLIKELY,surprise=VERY_UNLIKELY; joy=POSSIBLE,sorrow=VERY_UNLIKELY,anger=VERY_UNLIKELY,surprise=VERY_UNLIKELY; joy=VERY_LIKELY,sorrow=VERY_UNLIKELY,anger=VERY_UNLIKELY,surprise=VERY_UNLIKELY","#131010,#d3e7fa,#e1ecf2",False
hlfEcSp7UHaVA8wr0Gi6.jpg,Recreation,0.9107,Leisure,0.8983,Happiness,0.8954,Fun,0.8555,Spring,0.8472,People in nature,0.8471,High-rise building,0.7099,Vacation,0.6697,Holiday,0.5758,Backpack,0.5104,N/A,N/A,N/A,N/A,N/A,N/A,N/A,N/A,N/A,N/A,5,"joy=VERY_UNLIKELY,sorrow=VERY_UNLIKELY,anger=VERY_UNLIKELY,surprise=VERY_UNLIKELY; joy=UNLIKELY,sorrow=VERY_UNLIKELY,anger=VERY_UNLIKELY,surprise=VERY_UNLIKELY; joy=VERY_UNLIKELY,sorrow=VERY_UNLIKELY,anger=VERY_UNLIKELY,surprise=VERY_UNLIKELY; joy=VERY_UNLIKELY,sorrow=VERY_UNLIKELY,anger=VERY_UNLIKELY,surprise=VERY_UNLIKELY; joy=VERY_UNLIKELY,sorrow=VERY_UNLIKELY,anger=VERY_UNLIKELY,surprise=VERY_UNLIKELY","#15110e,#4f7baf,#607996",True
IMG-20251110-WA0007.jpg,People,0.9943,Smile,0.9932,Eyewear,0.9919,Hair,0.991,Glasses,0.9862,Happiness,0.986,Face,0.9807,Vision Care,0.9796,Temple,0.9635,Mouth,0.9582,Eye,0.9557,Textile,0.9492,Facial expression,0.9449,Social group,0.9367,Black hair,0.9348,4,"joy=VERY_LIKELY,sorrow=VERY_UNLIKELY,anger=VERY_UNLIKELY,surprise=VERY_UNLIKELY; joy=VERY_LIKELY,sorrow=VERY_UNLIKELY,anger=VERY_UNLIKELY,surprise=VERY_UNLIKELY; joy=VERY_LIKELY,sorrow=VERY_UNLIKELY,anger=VERY_UNLIKELY,surprise=VERY_UNLIKELY; joy=VERY_LIKELY,sorrow=VERY_UNLIKELY,anger=VERY_UNLIKELY,surprise=VERY_UNLIKELY","#c4c6cd,#151313,#ebedef",True
PXL_20251115_223941769.jpg,Clothing,0.9938,Head,0.9863,Smile,0.941,Jacket,0.8804,Customer,0.8544,Food,0.812,Restaurant,0.8034,Breakfast,0.6433,Fast food,0.6411,Beard,0.6286,Dessert,0.6247,Comfort food,0.6117,Finger food,0.5952,Bread,0.5948,Plate,0.5946,4,"joy=VERY_UNLIKELY,sorrow=VERY_UNLIKELY,anger=VERY_UNLIKELY,surprise=VERY_UNLIKELY; joy=VERY_LIKELY,sorrow=VERY_UNLIKELY,anger=VERY_UNLIKELY,surprise=VERY_UNLIKELY; joy=VERY_UNLIKELY,sorrow=VERY_UNLIKELY,anger=VERY_UNLIKELY,surprise=VERY_UNLIKELY; joy=VERY_UNLIKELY,sorrow=VERY_UNLIKELY,anger=VERY_UNLIKELY,surprise=VERY_UNLIKELY","#4b2c1a,#6b4935,#35302e",True
Screenshot_20251119-085901.png,Text,0.959,Font,0.9079,Screenshot,0.9053,Number,0.8529,Text messaging,0.5481,N/A,N/A,N/A,N/A,N/A,N/A,N/A,N/A,N/A,N/A,N/A,N/A,N/A,N/A,N/A,N/A,N/A,N/A,N/A,N/A,0,N/A,"#f2f3ed,#daf5d7,#a9c7a6",True
Screenshot_20251119-085847.png,Text,0.9681,Screenshot,0.9328,Font,0.9165,Number,0.9162,N/A,N/A,N/A,N/A,N/A,N/A,N/A,N/A,N/A,N/A,N/A,N/A,N/A,N/A,N/A,N/A,N/A,N/A,N/A,N/A,N/A,N/A,0,N/A,"#d8f4d3,#f3f4f1,#b0ccab",True
PXL_20251122_001809328.jpg,Eyewear,0.9957,Hair,0.9907,Chin,0.9886,Glasses,0.9872,Eyebrow,0.9859,Vision Care,0.9856,Head,0.9854,Forehead,0.9825,Face,0.98,Shoulder,0.9795,Jaw,0.9613,Black hair,0.9596,Mouth,0.9568,Neck,0.9562,Facial expression,0.9446,1,"joy=VERY_UNLIKELY,sorrow=VERY_UNLIKELY,anger=VERY_UNLIKELY,surprise=VERY_UNLIKELY","#302e30,#c8cac1,#1b1a1c",False
PXL_20251127_004503968.MP.jpg,Fashion,0.9576,Textile,0.948,Collar,0.9472,Denim,0.937,Jacket,0.8771,Leather jacket,0.8756,Bag,0.8687,Sunglasses,0.7818,Leather,0.7388,Goggles,0.6924,Model,0.6584,Sandal,0.6364,Pocket,0.6108,Foot,0.598,High-heeled shoe,0.5775,0,N/A,"#a46825,#0e0d10,#9d6835",True
PXL_20251128_044922153.jpg,Tableware,0.9615,Serveware,0.8706,Ingredient,0.838,Food storage containers,0.7972,Wood stain,0.7118,Mixing bowl,0.7065,Mason jar,0.7023,Plastic,0.6749,Food,0.6621,Kitchen utensil,0.6605,Hardwood,0.6467,Paint,0.6445,Dishware,0.6405,Varnish,0.6369,Condiment,0.6367,0,N/A,"#d4b9a2,#b89d86,#9d705d",True
PXL_20251129_003021979.jpg,Urban area,0.9575,High-rise building,0.9337,Metropolitan area,0.9336,Apartment,0.9299,Condominium,0.9219,Urban design,0.9008,Commercial building,0.8915,Metropolis,0.8806,Mixed-use,0.8723,Skyscraper,0.7994,Headquarters,0.7574,Shade,0.7519,Balcony,0.6587,Corporate headquarters,0.5977,Houseplant,0.5881,0,N/A,"#191617,#333233,#535456",True
PXL_20251129_015349719.jpg,Publication,0.8801,Book,0.8601,Book cover,0.7156,Graphic design,0.589,Science,0.5556,N/A,N/A,N/A,N/A,N/A,N/A,N/A,N/A,N/A,N/A,N/A,N/A,N/A,N/A,N/A,N/A,N/A,N/A,N/A,N/A,0,N/A,"#b75839,#d95328,#df7335",True
PXL_20251129_050443163.jpg,Food,0.9929,Kitchen Appliance,0.9709,Cookware and bakeware,0.9581,Cooking,0.9565,Ingredient,0.953,Home appliance,0.8791,Recipe,0.8626,Meat,0.7757,Grilling,0.7296,Fast food,0.7161,Comfort food,0.6875,Kitchen utensil,0.6118,Pan frying,0.5921,Stir frying,0.5859,Produce,0.5664,0,N/A,"#d08e3a,#f2b058,#ad6c1d",False
PXL_20251129_052326364.MP.jpg,Food,0.9942,Cookware and bakeware,0.9761,Ingredient,0.9693,Cooking,0.9447,Recipe,0.8615,Kitchen Appliance,0.8598,Casserole,0.8534,Comfort food,0.8116,Fast food,0.7935,Staple food,0.7763,Baking,0.7461,Strata,0.7402,Side dish,0.7366,Sheet pan,0.7325,Gratin,0.6846,0,N/A,"#cd913b,#a96d1b,#eaaf56",False
PXL_20251129_234302584.jpg,Food,0.9314,Coffee,0.896,Ingredient,0.8642,Drinkware,0.84,Non-alcoholic drink,0.7334,Soft drink,0.7005,Cup,0.6849,Serveware,0.6482,White coffee,0.6357,Caffeine,0.5848,Coffee substitute,0.5781,Espresso,0.5708,Caffè macchiato,0.5557,Cup,0.5477,Cortado,0.5375,0,N/A,"#d7ba99,#c18c5a,#bb9e7f",True
PXL_20251129_234303758.jpg,Eyewear,0.9946,Glasses,0.9848,Vision Care,0.9828,Facial hair,0.9644,Black hair,0.9584,Facial expression,0.9446,Beard,0.9278,Moustache,0.861,Happiness,0.8597,Selfie,0.6766,Active Shirt,0.6036,Portrait photography,0.5333,N/A,N/A,N/A,N/A,N/A,N/A,1,"joy=LIKELY,sorrow=VERY_UNLIKELY,anger=VERY_UNLIKELY,surprise=VERY_UNLIKELY","#1b324d,#0c1a2d,#c4bfbc",True
PXL_20251130_190028339.jpg,Food,0.988,Ingredient,0.9607,Finger food,0.8402,Produce,0.8175,Recipe,0.7546,Packaging and labeling,0.7189,Fast food,0.697,Cookies and Crackers,0.6719,Superfood,0.6056,Cracker,0.5882,Box,0.588,Staple food,0.575,Breakfast,0.5739,Junk food,0.5574,Comfort food,0.5268,0,N/A,"#1a3a2e,#a79781,#9b9b98",True
IMG-20251204-WA0027.jpg,Car door,0.8282,Sidewalk,0.8126,Family car,0.8031,Luxury vehicle,0.7172,Full-size car,0.6693,Mid-size car,0.6633,Hubcap,0.6598,Automotive Tail & Brake Light,0.6323,City car,0.6027,Sport utility vehicle,0.5899,Sedan,0.5661,Executive car,0.5434,N/A,N/A,N/A,N/A,N/A,N/A,2,"joy=VERY_UNLIKELY,sorrow=VERY_UNLIKELY,anger=VERY_UNLIKELY,surprise=VERY_UNLIKELY; joy=LIKELY,sorrow=VERY_UNLIKELY,anger=VERY_UNLIKELY,surprise=VERY_UNLIKELY","#1d1614,#36312d,#54504c",True
PXL_20251206_040314052.jpg,Textile,0.9475,Fashion design,0.7759,Happiness,0.5526,Cleanliness,0.5519,Handbag,0.5514,One-piece garment,0.5069,N/A,N/A,N/A,N/A,N/A,N/A,N/A,N/A,N/A,N/A,N/A,N/A,N/A,N/A,N/A,N/A,N/A,N/A,2,"joy=VERY_UNLIKELY,sorrow=VERY_UNLIKELY,anger=VERY_UNLIKELY,surprise=VERY_LIKELY; joy=LIKELY,sorrow=VERY_UNLIKELY,anger=VERY_UNLIKELY,surprise=VERY_UNLIKELY","#c0bfbc,#130f13,#9f9c99",False
PXL_20251206_040304737.jpg,Fashion design,0.7625,Cleanliness,0.5525,N/A,N/A,N/A,N/A,N/A,N/A,N/A,N/A,N/A,N/A,N/A,N/A,N/A,N/A,N/A,N/A,N/A,N/A,N/A,N/A,N/A,N/A,N/A,N/A,N/A,N/A,2,"joy=VERY_UNLIKELY,sorrow=VERY_UNLIKELY,anger=VERY_UNLIKELY,surprise=VERY_UNLIKELY; joy=VERY_LIKELY,sorrow=VERY_UNLIKELY,anger=VERY_UNLIKELY,surprise=VERY_UNLIKELY","#c3c1bc,#a3a19d,#121014",False
PXL_20251206_165857037.jpg,Photograph,0.9884,Happiness,0.9765,Smile,0.9406,Visual arts,0.863,Paper Product,0.8415,Room,0.8195,Paper,0.7826,Love,0.763,Picture frame,0.7471,Photographic paper,0.7394,Laughter,0.5326,N/A,N/A,N/A,N/A,N/A,N/A,N/A,N/A,2,"joy=VERY_LIKELY,sorrow=VERY_UNLIKELY,anger=VERY_UNLIKELY,surprise=VERY_UNLIKELY; joy=VERY_LIKELY,sorrow=VERY_UNLIKELY,anger=VERY_UNLIKELY,surprise=VERY_UNLIKELY","#bebdbc,#7c9cbd,#a7a5a4",True
1000020589.jpeg,Smile,0.993,Happiness,0.9847,Eye,0.949,Facial expression,0.9449,Friendship,0.9157,Tooth,0.9144,Fun,0.8309,Layered hair,0.6982,Selfie,0.6841,Laughter,0.6244,N/A,N/A,N/A,N/A,N/A,N/A,N/A,N/A,N/A,N/A,6,"joy=VERY_LIKELY,sorrow=VERY_UNLIKELY,anger=VERY_UNLIKELY,surprise=VERY_UNLIKELY; joy=VERY_LIKELY,sorrow=VERY_UNLIKELY,anger=VERY_UNLIKELY,surprise=VERY_UNLIKELY; joy=VERY_LIKELY,sorrow=VERY_UNLIKELY,anger=VERY_UNLIKELY,surprise=VERY_UNLIKELY; joy=VERY_LIKELY,sorrow=VERY_UNLIKELY,anger=VERY_UNLIKELY,surprise=VERY_UNLIKELY; joy=VERY_UNLIKELY,sorrow=VERY_UNLIKELY,anger=VERY_UNLIKELY,surprise=VERY_UNLIKELY; joy=VERY_LIKELY,sorrow=VERY_UNLIKELY,anger=VERY_UNLIKELY,surprise=VERY_UNLIKELY","#0f090f,#ad9d88,#84735f",True
1000020565.jpeg,Smile,0.9922,Hair,0.9907,Happiness,0.9752,Outerwear,0.9574,Shirt,0.9555,Social group,0.9516,Facial expression,0.9449,Event,0.9446,Youth,0.936,Fun,0.9161,Interaction,0.9118,Friendship,0.9043,Coat,0.8828,Party,0.8149,Crowd,0.7757,7,"joy=VERY_LIKELY,sorrow=VERY_UNLIKELY,anger=VERY_UNLIKELY,surprise=VERY_UNLIKELY; joy=UNLIKELY,sorrow=VERY_UNLIKELY,anger=VERY_UNLIKELY,surprise=VERY_UNLIKELY; joy=VERY_LIKELY,sorrow=VERY_UNLIKELY,anger=VERY_UNLIKELY,surprise=VERY_UNLIKELY; joy=VERY_LIKELY,sorrow=VERY_UNLIKELY,anger=VERY_UNLIKELY,surprise=VERY_UNLIKELY; joy=VERY_LIKELY,sorrow=VERY_UNLIKELY,anger=VERY_UNLIKELY,surprise=VERY_UNLIKELY; joy=VERY_LIKELY,sorrow=VERY_UNLIKELY,anger=VERY_UNLIKELY,surprise=VERY_UNLIKELY; joy=VERY_LIKELY,sorrow=VERY_UNLIKELY,anger=VERY_UNLIKELY,surprise=VERY_UNLIKELY","#171015,#2045c4,#28141d",True
IMG_20260116_153327958.jpg,Ceiling,0.8603,N/A,N/A,N/A,N/A,N/A,N/A,N/A,N/A,N/A,N/A,N/A,N/A,N/A,N/A,N/A,N/A,N/A,N/A,N/A,N/A,N/A,N/A,N/A,N/A,N/A,N/A,N/A,N/A,0,N/A,"#0a0807,#8b9eb9,#67778f",False
IMG_20260117_100516337_HDR.jpg,Shoulder,0.9783,Thigh,0.9189,Undergarment,0.8826,Elbow,0.8697,Muscle,0.8662,Waist,0.8561,Knee,0.8231,Human back,0.807,Torso,0.8036,Thorax,0.7722,Abdomen,0.7706,Facial hair,0.7291,Active Undergarment,0.7101,Stomach,0.6752,Sleeveless shirt,0.659,1,"joy=VERY_UNLIKELY,sorrow=VERY_UNLIKELY,anger=VERY_UNLIKELY,surprise=VERY_UNLIKELY","#191718,#555652,#8e7661",True
IMG_20260117_123333300.jpg,Facial hair,0.9752,Neck,0.9571,Black hair,0.9516,Beard,0.9512,Abdomen,0.9166,Barechestedness,0.9037,Muscle,0.8988,Torso,0.8831,Waist,0.8558,Thorax,0.8532,Chest hair,0.8459,Stomach,0.8454,Moustache,0.7985,Undergarment,0.7875,Flesh,0.6895,1,"joy=VERY_LIKELY,sorrow=VERY_UNLIKELY,anger=VERY_UNLIKELY,surprise=VERY_UNLIKELY","#827967,#1a1717,#c2c7c4",True
IMG_20260117_170746178.jpg,Trousers,0.957,Luxury vehicle,0.8462,Car door,0.8303,Personal luxury car,0.8233,Blazer,0.8104,Dress shirt,0.8022,Family car,0.7765,Mid-size car,0.6948,Suit trousers,0.6556,City car,0.5949,Palm trees,0.5739,N/A,N/A,N/A,N/A,N/A,N/A,N/A,N/A,2,"joy=VERY_LIKELY,sorrow=VERY_UNLIKELY,anger=VERY_UNLIKELY,surprise=VERY_UNLIKELY; joy=VERY_LIKELY,sorrow=VERY_UNLIKELY,anger=VERY_UNLIKELY,surprise=VERY_UNLIKELY","#19192a,#2b2c3f,#bdc2e1",False
IMG-20260119-WA0048.jpg,People,0.9943,Formal wear,0.975,Smile,0.9704,Trousers,0.9624,Temple,0.9611,Dress,0.9523,Suit,0.9391,Necktie,0.9385,Event,0.9346,Coat,0.9297,Interaction,0.9086,Blazer,0.8788,Waist,0.8557,Happiness,0.8434,Fun,0.7927,7,"joy=VERY_LIKELY,sorrow=VERY_UNLIKELY,anger=VERY_UNLIKELY,surprise=VERY_UNLIKELY; joy=VERY_LIKELY,sorrow=VERY_UNLIKELY,anger=VERY_UNLIKELY,surprise=VERY_UNLIKELY; joy=VERY_UNLIKELY,sorrow=VERY_UNLIKELY,anger=VERY_UNLIKELY,surprise=VERY_UNLIKELY; joy=VERY_UNLIKELY,sorrow=VERY_UNLIKELY,anger=VERY_UNLIKELY,surprise=VERY_UNLIKELY; joy=VERY_UNLIKELY,sorrow=VERY_UNLIKELY,anger=VERY_UNLIKELY,surprise=VERY_UNLIKELY; joy=VERY_UNLIKELY,sorrow=VERY_UNLIKELY,anger=VERY_UNLIKELY,surprise=VERY_UNLIKELY; joy=VERY_UNLIKELY,sorrow=VERY_UNLIKELY,anger=VERY_UNLIKELY,surprise=VERY_UNLIKELY","#f23a4e,#1a181b,#555459",False
IMG-20260119-WA0044.jpg,Formal wear,0.9743,Temple,0.9546,Dress,0.9229,Happiness,0.8637,Spring,0.8587,Waist,0.8518,One-piece garment,0.8457,Necktie,0.8426,People in nature,0.8341,Day Dress,0.8095,Dress shirt,0.805,Purple,0.8014,Prom,0.645,Love,0.6324,Floral design,0.6169,2,"joy=VERY_UNLIKELY,sorrow=VERY_UNLIKELY,anger=VERY_UNLIKELY,surprise=VERY_UNLIKELY; joy=UNLIKELY,sorrow=VERY_UNLIKELY,anger=VERY_UNLIKELY,surprise=VERY_UNLIKELY","#bdbdc1,#333136,#a29fa3",False
IMG-20260119-WA0046.jpg,Formal wear,0.9791,Temple,0.9574,Dress,0.9556,Event,0.9363,One-piece garment,0.9051,Smile,0.8939,Waist,0.8755,Happiness,0.8596,People in nature,0.8566,Day Dress,0.8556,Spring,0.8472,Necktie,0.8201,Purple,0.8099,Fashion design,0.7812,Gown,0.7091,2,"joy=VERY_UNLIKELY,sorrow=VERY_UNLIKELY,anger=VERY_UNLIKELY,surprise=VERY_UNLIKELY; joy=VERY_UNLIKELY,sorrow=VERY_UNLIKELY,anger=VERY_UNLIKELY,surprise=VERY_UNLIKELY","#343236,#313346,#6c4b56",True
IMG-20260119-WA0042.jpg,Formal wear,0.9756,Dress,0.9648,Temple,0.9555,One-piece garment,0.9268,Smile,0.9099,Day Dress,0.9026,Waist,0.8732,Pink,0.8719,Happiness,0.8702,People in nature,0.8516,Purple,0.8413,Spring,0.8287,Gown,0.8087,Necktie,0.7788,Bridal Party Dress,0.7231,2,"joy=VERY_LIKELY,sorrow=VERY_UNLIKELY,anger=VERY_UNLIKELY,surprise=VERY_UNLIKELY; joy=POSSIBLE,sorrow=VERY_UNLIKELY,anger=VERY_UNLIKELY,surprise=VERY_UNLIKELY","#a09ea3,#333135,#6b4b57",True
IMG-20260119-WA0040.jpg,People,0.9943,Formal wear,0.9798,Happiness,0.9746,Smile,0.9743,Temple,0.96,Dress,0.9571,Event,0.9342,One-piece garment,0.9127,Day Dress,0.8846,Necktie,0.878,Waist,0.8687,People in nature,0.8525,Spring,0.8436,Purple,0.8175,Gown,0.7653,2,"joy=VERY_LIKELY,sorrow=VERY_UNLIKELY,anger=VERY_UNLIKELY,surprise=VERY_UNLIKELY; joy=VERY_LIKELY,sorrow=VERY_UNLIKELY,anger=VERY_UNLIKELY,surprise=VERY_UNLIKELY","#a19fa2,#343236,#bebcbe",True
IMG-20260119-WA0038.jpg,People,0.9943,Formal wear,0.9802,Smile,0.9731,Happiness,0.9617,Trousers,0.9612,Dress,0.961,Temple,0.9608,Event,0.9354,One-piece garment,0.9188,Necktie,0.8826,Waist,0.8716,Day Dress,0.8712,Gown,0.8304,Spring,0.8266,Purple,0.8169,3,"joy=VERY_LIKELY,sorrow=VERY_UNLIKELY,anger=VERY_UNLIKELY,surprise=VERY_UNLIKELY; joy=VERY_UNLIKELY,sorrow=VERY_UNLIKELY,anger=VERY_UNLIKELY,surprise=VERY_UNLIKELY; joy=VERY_LIKELY,sorrow=VERY_UNLIKELY,anger=VERY_UNLIKELY,surprise=VERY_UNLIKELY","#a29ea2,#343237,#151419",True
IMG-20260119-WA0034.jpg,People,0.9943,Formal wear,0.9805,Happiness,0.9754,Smile,0.9667,Temple,0.9591,Trousers,0.957,Dress,0.9503,Event,0.9381,One-piece garment,0.8986,Necktie,0.8842,Waist,0.8676,Spring,0.8612,Day Dress,0.8566,People in nature,0.8543,Purple,0.8247,2,"joy=VERY_LIKELY,sorrow=VERY_UNLIKELY,anger=VERY_UNLIKELY,surprise=VERY_UNLIKELY; joy=VERY_LIKELY,sorrow=VERY_UNLIKELY,anger=VERY_UNLIKELY,surprise=VERY_UNLIKELY","#a19ea3,#333236,#bebbbd",False
IMG-20260119-WA0036.jpg,People,0.9943,Formal wear,0.9787,Happiness,0.9753,Smile,0.9674,Temple,0.9586,Dress,0.954,One-piece garment,0.9103,Waist,0.8669,Day Dress,0.861,People in nature,0.848,Spring,0.8451,Necktie,0.8445,Gown,0.8307,Purple,0.8097,Fashion design,0.7413,2,"joy=VERY_LIKELY,sorrow=VERY_UNLIKELY,anger=VERY_UNLIKELY,surprise=VERY_UNLIKELY; joy=VERY_LIKELY,sorrow=VERY_UNLIKELY,anger=VERY_UNLIKELY,surprise=VERY_UNLIKELY","#a39fa3,#353237,#694b57",True
IMG-20260119-WA0032.jpg,Formal wear,0.9821,Happiness,0.9734,Smile,0.9724,Temple,0.9582,Trousers,0.9576,Dress,0.9567,Event,0.938,One-piece garment,0.9188,Necktie,0.9024,Day Dress,0.8873,Waist,0.8714,People in nature,0.8414,Spring,0.8389,Purple,0.818,Gown,0.8038,2,"joy=VERY_LIKELY,sorrow=VERY_UNLIKELY,anger=VERY_UNLIKELY,surprise=VERY_UNLIKELY; joy=VERY_LIKELY,sorrow=VERY_UNLIKELY,anger=VERY_UNLIKELY,surprise=VERY_UNLIKELY","#a39ea3,#bfbbbe,#303346",True
IMG-20260119-WA0030.jpg,Smile,0.9756,Formal wear,0.9746,Happiness,0.9703,Temple,0.9579,Dress,0.9515,Event,0.9371,One-piece garment,0.8916,Waist,0.8685,Day Dress,0.8432,Necktie,0.8399,People in nature,0.8352,Spring,0.8263,Gown,0.8097,Purple,0.8002,Fun,0.7722,2,"joy=VERY_LIKELY,sorrow=VERY_UNLIKELY,anger=VERY_UNLIKELY,surprise=VERY_UNLIKELY; joy=VERY_LIKELY,sorrow=VERY_UNLIKELY,anger=VERY_UNLIKELY,surprise=VERY_UNLIKELY","#a29ea4,#b195a1,#353236",True
IMG-20260119-WA0028.jpg,Formal wear,0.9713,Smile,0.9636,Dress,0.9619,Temple,0.9522,Happiness,0.9494,One-piece garment,0.9104,Day Dress,0.8813,Waist,0.8673,People in nature,0.8418,Purple,0.8299,Gown,0.8237,Necktie,0.7768,Ceremony,0.7546,Floral design,0.7051,Bridal Party Dress,0.703,2,"joy=VERY_LIKELY,sorrow=VERY_UNLIKELY,anger=VERY_UNLIKELY,surprise=VERY_UNLIKELY; joy=LIKELY,sorrow=VERY_UNLIKELY,anger=VERY_UNLIKELY,surprise=VERY_UNLIKELY","#af949f,#a39ea5,#bebac1",True
IMG-20260119-WA0026.jpg,Formal wear,0.9669,Dress,0.9614,Smile,0.9563,Temple,0.956,Happiness,0.9383,Event,0.9263,One-piece garment,0.8974,Waist,0.8661,Day Dress,0.8356,Gown,0.803,Purple,0.8005,Necktie,0.7924,Ceremony,0.7653,Floral design,0.6942,Bridal Party Dress,0.6767,3,"joy=VERY_UNLIKELY,sorrow=VERY_UNLIKELY,anger=VERY_UNLIKELY,surprise=VERY_UNLIKELY; joy=VERY_LIKELY,sorrow=VERY_UNLIKELY,anger=VERY_UNLIKELY,surprise=VERY_UNLIKELY; joy=VERY_UNLIKELY,sorrow=VERY_UNLIKELY,anger=VERY_UNLIKELY,surprise=VERY_UNLIKELY","#a29ea4,#af939b,#353335",True
IMG-20260119-WA0020.jpg,People,0.9943,Smile,0.9819,Happiness,0.9725,Formal wear,0.9689,Temple,0.9598,Dress,0.9569,One-piece garment,0.9111,Waist,0.8666,Day Dress,0.8402,Spring,0.8304,People in nature,0.828,Purple,0.8107,Gown,0.7873,Necktie,0.7727,Leisure,0.7681,2,"joy=VERY_LIKELY,sorrow=VERY_UNLIKELY,anger=VERY_UNLIKELY,surprise=VERY_UNLIKELY; joy=VERY_LIKELY,sorrow=VERY_UNLIKELY,anger=VERY_UNLIKELY,surprise=VERY_UNLIKELY","#a09ca3,#94a0b4,#363233",True
IMG-20260119-WA0024.jpg,Formal wear,0.9755,Smile,0.9718,Dress,0.9669,Temple,0.9549,Happiness,0.9448,Event,0.9302,One-piece garment,0.8942,Necktie,0.8651,Waist,0.8602,Purple,0.83,Day Dress,0.8219,Gown,0.7984,Ceremony,0.7799,Fun,0.7705,Leisure,0.7521,3,"joy=VERY_UNLIKELY,sorrow=VERY_UNLIKELY,anger=VERY_UNLIKELY,surprise=VERY_UNLIKELY; joy=VERY_LIKELY,sorrow=VERY_UNLIKELY,anger=VERY_UNLIKELY,surprise=VERY_UNLIKELY; joy=VERY_UNLIKELY,sorrow=VERY_UNLIKELY,anger=VERY_UNLIKELY,surprise=VERY_UNLIKELY","#9f9da3,#353233,#191618",True
IMG-20260119-WA0022.jpg,People,0.9943,Smile,0.9814,Formal wear,0.9809,Happiness,0.9719,Dress,0.9624,Temple,0.9574,One-piece garment,0.9093,Necktie,0.8773,Waist,0.867,Gown,0.8628,Day Dress,0.8623,People in nature,0.856,Spring,0.8525,Purple,0.8409,Bridal Party Dress,0.8224,2,"joy=VERY_LIKELY,sorrow=VERY_UNLIKELY,anger=VERY_UNLIKELY,surprise=VERY_UNLIKELY; joy=VERY_LIKELY,sorrow=VERY_UNLIKELY,anger=VERY_UNLIKELY,surprise=VERY_UNLIKELY","#a49ea4,#ae929b,#353333",True
IMG-20260119-WA0018.jpg,Smile,0.9823,Happiness,0.9653,Formal wear,0.9649,Temple,0.9614,Dress,0.9296,Necktie,0.8596,Waist,0.844,Spring,0.834,One-piece garment,0.812,Leisure,0.7503,Day Dress,0.69,Floral design,0.6173,Ceremony,0.5931,Bridal Party Dress,0.5845,Love,0.5637,2,"joy=LIKELY,sorrow=VERY_UNLIKELY,anger=VERY_UNLIKELY,surprise=VERY_UNLIKELY; joy=VERY_LIKELY,sorrow=VERY_UNLIKELY,anger=VERY_UNLIKELY,surprise=VERY_UNLIKELY","#b3e6fc,#8595ac,#2f354a",True
IMG-20260118-WA0017.jpg,People,0.9943,Smile,0.9848,Formal wear,0.9701,Temple,0.9616,Dress,0.9541,Happiness,0.9458,One-piece garment,0.882,Waist,0.8535,Necktie,0.8533,Spring,0.835,Day Dress,0.7333,Gown,0.6576,Bridal Party Dress,0.6411,Ceremony,0.6366,Floral design,0.6282,3,"joy=VERY_LIKELY,sorrow=VERY_UNLIKELY,anger=VERY_UNLIKELY,surprise=VERY_UNLIKELY; joy=VERY_LIKELY,sorrow=VERY_UNLIKELY,anger=VERY_UNLIKELY,surprise=VERY_UNLIKELY; joy=VERY_UNLIKELY,sorrow=VERY_UNLIKELY,anger=VERY_UNLIKELY,surprise=VERY_UNLIKELY","#8b9baf,#b7e7fc,#363233",True
IMG-20260118-WA0015.jpg,Smile,0.9846,Happiness,0.9754,Formal wear,0.9609,Temple,0.9606,Dress,0.8952,Necktie,0.8858,Spring,0.8384,Fun,0.7999,Leisure,0.7716,One-piece garment,0.7165,Day Dress,0.6604,Floral design,0.6041,Ceremony,0.5865,Love,0.5615,Vacation,0.5509,2,"joy=VERY_LIKELY,sorrow=VERY_UNLIKELY,anger=VERY_UNLIKELY,surprise=VERY_UNLIKELY; joy=LIKELY,sorrow=VERY_UNLIKELY,anger=VERY_UNLIKELY,surprise=VERY_UNLIKELY","#2f364b,#171419,#363232",False
IMG-20260118-WA0013.jpg,Smile,0.9851,Happiness,0.98,Temple,0.9602,Formal wear,0.9247,Fun,0.8487,Necktie,0.841,Leisure,0.787,Ceremony,0.6549,Love,0.6545,Floral design,0.6142,Day Dress,0.5535,Party,0.5412,One-piece garment,0.5129,N/A,N/A,N/A,N/A,2,"joy=VERY_LIKELY,sorrow=VERY_UNLIKELY,anger=VERY_UNLIKELY,surprise=VERY_UNLIKELY; joy=LIKELY,sorrow=VERY_UNLIKELY,anger=VERY_UNLIKELY,surprise=LIKELY","#2a3044,#709cda,#d8c4ac",True
IMG-20260118-WA0011.jpg,Smile,0.9855,Happiness,0.984,Facial expression,0.9446,Black hair,0.9176,Fun,0.9172,Friendship,0.898,Leisure,0.8491,Love,0.8083,Facial hair,0.8006,Beard,0.787,Vacation,0.6202,Moustache,0.5818,Holiday,0.5451,N/A,N/A,N/A,N/A,2,"joy=VERY_LIKELY,sorrow=VERY_UNLIKELY,anger=VERY_UNLIKELY,surprise=VERY_UNLIKELY; joy=UNLIKELY,sorrow=VERY_UNLIKELY,anger=VERY_UNLIKELY,surprise=VERY_LIKELY","#343031,#252d42,#719ad3",False
IMG_20260208_130931826_HDR.jpg,Office supplies,0.9682,Paper,0.9512,Paper Product,0.9373,Stationery,0.9017,Scissors,0.8207,Writing implement,0.8189,Notebook,0.7745,Office Instrument,0.7686,Pen,0.7548,Office Equipment,0.7274,Silver,0.7213,Plastic,0.6486,Tool,0.6207,Everyday carry,0.5599,Cutting Mat,0.506,0,N/A,"#5c5857,#6f6c6b,#353333",True
IMG_20260208_135838460_HDR.jpg,Office supplies,0.9304,Paper Product,0.922,Paper,0.9204,Stationery,0.8971,Writing implement,0.8955,Handwriting,0.8935,Writing,0.7573,Office Instrument,0.7562,Pen,0.6995,Publication,0.6444,Graphics,0.585,Graphic design,0.5462,Marker pen,0.508,Chalk,0.5073,N/A,N/A,0,N/A,"#342d2e,#6b4335,#1f1919",True
IMG_20260208_135851855_HDR.jpg,Handwriting,0.9553,Paper Product,0.9171,Paper,0.9095,Office supplies,0.876,Stationery,0.8399,Writing,0.8076,Office Instrument,0.7378,Office Equipment,0.6148,Writing implement,0.579,N/A,N/A,N/A,N/A,N/A,N/A,N/A,N/A,N/A,N/A,N/A,N/A,0,N/A,"#3c3939,#e5e1da,#524f4e",True
IMG_20260208_140010644_HDR.jpg,Paper,0.9343,Paper Product,0.9039,Office supplies,0.8791,Writing implement,0.8397,Stationery,0.7949,Handwriting,0.7915,Nail,0.7361,Office Instrument,0.7355,Writing,0.7212,Pen,0.6798,Graphics,0.6196,Publication,0.5966,Graphic design,0.5689,Label,0.5503,Ink,0.5239,0,N/A,"#2f324c,#4e2e3f,#e5dcd1",True
IMG_20260208_140932680_HDR.jpg,Plastic,0.7444,Handwriting,0.555,Label,0.5228,N/A,N/A,N/A,N/A,N/A,N/A,N/A,N/A,N/A,N/A,N/A,N/A,N/A,N/A,N/A,N/A,N/A,N/A,N/A,N/A,N/A,N/A,N/A,N/A,0,N/A,"#e02723,#3d78aa,#2781aa",True
IMG_20260209_081804732.jpg,Eyewear,0.9954,Glasses,0.9871,Vision Care,0.9855,Shoulder,0.9752,Facial hair,0.9421,Wrist,0.9108,Beard,0.9076,Elbow,0.8663,Muscle,0.8595,Moustache,0.7445,Active Shirt,0.7146,N/A,N/A,N/A,N/A,N/A,N/A,N/A,N/A,1,"joy=VERY_UNLIKELY,sorrow=VERY_UNLIKELY,anger=VERY_UNLIKELY,surprise=VERY_UNLIKELY","#2f344d,#464c68,#5e8073",False
IMG_20260209_090736797_HDR.jpg,N/A,N/A,N/A,N/A,N/A,N/A,N/A,N/A,N/A,N/A,N/A,N/A,N/A,N/A,N/A,N/A,N/A,N/A,N/A,N/A,N/A,N/A,N/A,N/A,N/A,N/A,N/A,N/A,N/A,N/A,N/A,N/A,N/A,N/A
IMG_20260209_164559961_HDR.jpg,N/A,N/A,N/A,N/A,N/A,N/A,N/A,N/A,N/A,N/A,N/A,N/A,N/A,N/A,N/A,N/A,N/A,N/A,N/A,N/A,N/A,N/A,N/A,N/A,N/A,N/A,N/A,N/A,N/A,N/A,N/A,N/A,N/A,N/A
IMG_20260212_213507700.jpg,Suitcase,0.9625,Bag,0.9568,Baggage,0.9209,Luggage & bags,0.884,Hand luggage,0.8373,Plastic,0.7261,N/A,N/A,N/A,N/A,N/A,N/A,N/A,N/A,N/A,N/A,N/A,N/A,N/A,N/A,N/A,N/A,N/A,N/A,0,N/A,"#cab79c,#b19e84,#8a7961",False
IMG_20260214_154529171.jpg,Branch,0.9679,Neighbourhood,0.9332,Family car,0.7197,Sign,0.5544,Street name sign,0.5159,N/A,N/A,N/A,N/A,N/A,N/A,N/A,N/A,N/A,N/A,N/A,N/A,N/A,N/A,N/A,N/A,N/A,N/A,N/A,N/A,0,N/A,"#39322d,#60523e,#3f3322",True
IMG_20260214_152530485.jpg,Composite material,0.8792,Wood stain,0.7104,Silver,0.6939,Hardwood,0.653,Cylinder,0.6358,Steel,0.6239,Aluminium,0.5964,Plumbing fixture,0.5917,Plumbing,0.5496,Pipe,0.5059,N/A,N/A,N/A,N/A,N/A,N/A,N/A,N/A,N/A,N/A,0,N/A,"#9a9fa2,#201615,#392d2c",False
IMG_20260214_081755276.jpg,Eyewear,0.9959,Facial hair,0.9887,Chin,0.9886,Glasses,0.9878,Cheek,0.9869,Vision Care,0.9862,Eyebrow,0.986,Forehead,0.982,Beard,0.9795,Jaw,0.9702,Moustache,0.9563,Facial expression,0.9448,Black hair,0.9295,Ear,0.9147,Selfie,0.8517,1,"joy=VERY_UNLIKELY,sorrow=VERY_UNLIKELY,anger=VERY_UNLIKELY,surprise=VERY_UNLIKELY","#343132,#1c1b1e,#d3c1a8",False
IMG_20260214_081752607_HDR.jpg,Furniture,0.9689,Wood,0.9683,Interior design,0.9658,Flooring,0.9625,Floor,0.9429,Room,0.8814,Shelving,0.8782,Wood stain,0.8321,Picture frame,0.8105,Hardwood,0.765,Shelf,0.7611,Wood flooring,0.7494,Varnish,0.7105,Plywood,0.6302,Chair,0.6299,1,"joy=VERY_UNLIKELY,sorrow=VERY_UNLIKELY,anger=VERY_UNLIKELY,surprise=VERY_UNLIKELY","#eee7cd,#764834,#d4c6aa",True
IMG_20260213_145124905_HDR.jpg,Advertising,0.9326,Finger food,0.8491,Food,0.8258,Junk food,0.8039,Logo,0.7948,Fast food,0.7712,Poster,0.7277,Staple food,0.701,Meat,0.6297,Fast food restaurant,0.6079,Comfort food,0.5919,American cuisine,0.5842,Take-out,0.5416,Canadian cuisine,0.5104,N/A,N/A,0,N/A,"#cc8d5e,#e2823c,#b75b3f",True
IMG_20260213_120828884.jpg,Advertising,0.8003,Cleanliness,0.5363,Banner,0.5168,Graphic design,0.5164,Transparency,0.513,N/A,N/A,N/A,N/A,N/A,N/A,N/A,N/A,N/A,N/A,N/A,N/A,N/A,N/A,N/A,N/A,N/A,N/A,N/A,N/A,0,N/A,"#bf949c,#ddb5be,#aa9a86",True
IMG_20260213_110245332_HDR.jpg,Eyewear,0.9959,Sunglasses,0.991,Glasses,0.9878,Vision Care,0.9862,Goggles,0.9708,Personal protective equipment,0.9651,Summer,0.9389,Black hair,0.9333,Fun,0.779,Happiness,0.7749,Vacation,0.6442,Flesh,0.5895,Selfie,0.5725,Portrait photography,0.5016,N/A,N/A,1,"joy=VERY_UNLIKELY,sorrow=VERY_UNLIKELY,anger=VERY_UNLIKELY,surprise=VERY_UNLIKELY","#512920,#52555b,#373433",False
IMG_20260214_192000323.jpg,Cookware and bakeware,0.9554,Kitchen Appliance,0.9279,Food,0.9245,Cooking,0.9241,Ingredient,0.9063,Recipe,0.8337,Kitchen stove,0.7655,Cooktop,0.74,Comfort food,0.6767,Stove,0.6741,Kitchen utensil,0.667,Gas stove,0.6415,Frying pan,0.637,Home appliance,0.5748,Major appliance,0.5364,0,N/A,"#bf9162,#996c55,#a07045",True
IMG_20260214_192719632.jpg,Eyewear,0.9958,Facial hair,0.9897,Glasses,0.9877,Vision Care,0.986,Beard,0.9841,Moustache,0.964,Finger,0.929,Ear,0.9132,Wrist,0.8702,Muscle,0.8561,Thumb,0.7728,Selfie,0.7149,Active Shirt,0.6331,Happiness,0.5972,Flesh,0.5944,1,"joy=POSSIBLE,sorrow=VERY_UNLIKELY,anger=VERY_UNLIKELY,surprise=VERY_UNLIKELY","#777f41,#949d5a,#5a6127",False
IMG_20260314_095838775_HDR.jpg,Grass,0.9791,Smile,0.9125,Recreation,0.8973,Elbow,0.8959,Happiness,0.8916,Wrist,0.8797,Knee,0.8707,Leisure,0.8687,People in nature,0.8645,Lawn,0.8387,Beard,0.8115,Fun,0.7932,Facial hair,0.7923,Walking Shoe,0.753,Outdoor Shoe,0.6108,1,"joy=VERY_UNLIKELY,sorrow=VERY_UNLIKELY,anger=VERY_UNLIKELY,surprise=VERY_UNLIKELY","#bfc659,#c6cf45,#a2a842",True
original_08cc9732-6508-49ac-9678-1eb1d7254381_IMG_20260317_190230931.jpg,Hairstyle,0.97,Black hair,0.965,Facial hair,0.7802,Quiff,0.6846,Hair care,0.6577,Makeover,0.5634,Beauty salon,0.5003,N/A,N/A,N/A,N/A,N/A,N/A,N/A,N/A,N/A,N/A,N/A,N/A,N/A,N/A,N/A,N/A,1,"joy=VERY_UNLIKELY,sorrow=VERY_UNLIKELY,anger=VERY_UNLIKELY,surprise=VERY_UNLIKELY","#2f3c4d,#343942,#515157",True
IMG_20260317_193435889_HDR.jpg,Eyewear,0.9958,Chin,0.9886,Glasses,0.9876,Head,0.9862,Vision Care,0.9859,Nose,0.9755,Mouth,0.9626,Temple,0.9613,Smile,0.9591,Jaw,0.9568,Black hair,0.9506,Facial expression,0.9447,Happiness,0.9387,Facial hair,0.9274,Ear,0.9196,1,"joy=VERY_LIKELY,sorrow=VERY_UNLIKELY,anger=VERY_UNLIKELY,surprise=VERY_UNLIKELY","#bcc0da,#373336,#efe7ea",False
original_7c106259-9b5d-4e7a-9369-7fb5ecef6dff_IMG_20260317_190229188.jpg,Eyebrow,0.9856,Hairstyle,0.9701,Black hair,0.9671,Facial hair,0.8922,Eyelash,0.8915,Beard,0.7752,Personal care,0.7404,Quiff,0.7214,Makeover,0.6991,Moustache,0.6943,Beauty salon,0.6635,Hair care,0.6597,Personal grooming,0.5908,Hair coloring,0.5003,N/A,N/A,1,"joy=VERY_UNLIKELY,sorrow=VERY_UNLIKELY,anger=VERY_UNLIKELY,surprise=VERY_UNLIKELY","#465363,#53555d,#737378",True
IMG_20260317_184248158.jpg,Black hair,0.924,Dress shirt,0.8108,N/A,N/A,N/A,N/A,N/A,N/A,N/A,N/A,N/A,N/A,N/A,N/A,N/A,N/A,N/A,N/A,N/A,N/A,N/A,N/A,N/A,N/A,N/A,N/A,N/A,N/A,2,"joy=VERY_UNLIKELY,sorrow=VERY_UNLIKELY,anger=VERY_UNLIKELY,surprise=VERY_UNLIKELY; joy=VERY_UNLIKELY,sorrow=VERY_UNLIKELY,anger=VERY_UNLIKELY,surprise=VERY_UNLIKELY","#3b3640,#51505a,#eaede5",True
20260318_165824-COLLAGE.jpg,Eyewear,0.9956,Glasses,0.9875,Eyebrow,0.9858,Vision Care,0.9854,Neck,0.9557,Temple,0.9532,Black hair,0.9346,Facial hair,0.8739,Eyelash,0.8678,Brown hair,0.7825,Moustache,0.6367,Beard,0.6309,Hair care,0.5374,Quiff,0.5155,N/A,N/A,2,"joy=POSSIBLE,sorrow=VERY_UNLIKELY,anger=VERY_UNLIKELY,surprise=VERY_UNLIKELY; joy=VERY_UNLIKELY,sorrow=VERY_UNLIKELY,anger=VERY_UNLIKELY,surprise=VERY_UNLIKELY","#1b1613,#38312d,#544e48",False
IMG_20260320_124640115_HDR.jpg,Food,0.9932,Tableware,0.9752,Ingredient,0.97,Dishware,0.847,Recipe,0.8328,Vegetable,0.8317,Plate,0.8242,Serveware,0.8224,Produce,0.7954,Breakfast,0.795,Lunch,0.7852,Brunch,0.7731,Kitchen utensil,0.7647,Staple food,0.7483,Garnish,0.7368,0,N/A,"#ccbf9d,#ae9e7c,#b39e66",True
20260321_214355.jpg,Smile,0.9932,Happiness,0.9829,Social group,0.9496,Facial expression,0.9449,Youth,0.9415,Tooth,0.9196,Friendship,0.9122,Black hair,0.9122,Team,0.868,Fun,0.8574,Long hair,0.8357,Layered hair,0.8103,Step cutting,0.7816,Laughter,0.667,Feathered hair,0.5679,20,"joy=VERY_LIKELY,sorrow=VERY_UNLIKELY,anger=VERY_UNLIKELY,surprise=VERY_UNLIKELY; joy=VERY_LIKELY,sorrow=VERY_UNLIKELY,anger=VERY_UNLIKELY,surprise=VERY_UNLIKELY; joy=VERY_LIKELY,sorrow=VERY_UNLIKELY,anger=VERY_UNLIKELY,surprise=VERY_UNLIKELY; joy=VERY_LIKELY,sorrow=VERY_UNLIKELY,anger=VERY_UNLIKELY,surprise=VERY_UNLIKELY; joy=VERY_UNLIKELY,sorrow=VERY_UNLIKELY,anger=VERY_UNLIKELY,surprise=VERY_UNLIKELY; joy=VERY_LIKELY,sorrow=VERY_UNLIKELY,anger=VERY_UNLIKELY,surprise=VERY_UNLIKELY; joy=VERY_LIKELY,sorrow=VERY_UNLIKELY,anger=VERY_UNLIKELY,surprise=VERY_UNLIKELY; joy=VERY_LIKELY,sorrow=VERY_UNLIKELY,anger=VERY_UNLIKELY,surprise=VERY_UNLIKELY; joy=VERY_LIKELY,sorrow=VERY_UNLIKELY,anger=VERY_UNLIKELY,surprise=VERY_UNLIKELY; joy=VERY_LIKELY,sorrow=VERY_UNLIKELY,anger=VERY_UNLIKELY,surprise=VERY_UNLIKELY; joy=VERY_LIKELY,sorrow=VERY_UNLIKELY,anger=VERY_UNLIKELY,surprise=VERY_UNLIKELY; joy=LIKELY,sorrow=VERY_UNLIKELY,anger=VERY_UNLIKELY,surprise=VERY_UNLIKELY; joy=VERY_LIKELY,sorrow=VERY_UNLIKELY,anger=VERY_UNLIKELY,surprise=VERY_UNLIKELY; joy=VERY_LIKELY,sorrow=VERY_UNLIKELY,anger=VERY_UNLIKELY,surprise=VERY_UNLIKELY; joy=VERY_LIKELY,sorrow=VERY_UNLIKELY,anger=VERY_UNLIKELY,surprise=VERY_UNLIKELY; joy=VERY_LIKELY,sorrow=VERY_UNLIKELY,anger=VERY_UNLIKELY,surprise=VERY_UNLIKELY; joy=VERY_LIKELY,sorrow=VERY_UNLIKELY,anger=VERY_UNLIKELY,surprise=VERY_UNLIKELY; joy=VERY_LIKELY,sorrow=VERY_UNLIKELY,anger=VERY_UNLIKELY,surprise=VERY_UNLIKELY; joy=VERY_LIKELY,sorrow=VERY_UNLIKELY,anger=VERY_UNLIKELY,surprise=VERY_UNLIKELY; joy=VERY_LIKELY,sorrow=VERY_UNLIKELY,anger=VERY_UNLIKELY,surprise=VERY_UNLIKELY","#887e6b,#a59a86,#9f9991",True
IMG-20260425-WA0013.jpg,Eyewear,0.9948,Smile,0.9921,Happiness,0.9861,Glasses,0.9854,Eyebrow,0.9854,Vision Care,0.9832,Jaw,0.9536,Black hair,0.9508,Facial expression,0.9449,Tooth,0.9271,Selfie,0.8811,Friendship,0.8797,Fun,0.8708,Pleased,0.7492,Active Shirt,0.7423,2,"joy=VERY_LIKELY,sorrow=VERY_UNLIKELY,anger=VERY_UNLIKELY,surprise=VERY_UNLIKELY; joy=VERY_LIKELY,sorrow=VERY_UNLIKELY,anger=VERY_UNLIKELY,surprise=VERY_UNLIKELY","#eee0c1,#dac7a8,#1c1615",True
IMG_20260503_110925477_HDR.jpg,Eyewear,0.9959,Glasses,0.9878,Vision Care,0.9862,Sleeve,0.9861,Shoulder,0.9821,Neck,0.957,Mouth,0.956,Facial hair,0.9404,Black hair,0.9403,Beard,0.8794,Elbow,0.8777,Wrist,0.8653,Goggles,0.8559,Muscle,0.854,Active Shirt,0.8528,1,"joy=VERY_UNLIKELY,sorrow=VERY_UNLIKELY,anger=VERY_UNLIKELY,surprise=VERY_UNLIKELY","#b1c6ab,#1e1719,#dbe9e2",False
IMG_20260505_202539483.jpg,Tableware,0.9785,Food,0.9744,Dishware,0.9369,Serveware,0.9351,Plate,0.895,Ingredient,0.8879,Drinkware,0.8861,Comfort food,0.763,Recipe,0.7489,Lunch,0.7463,Platter,0.7157,Breakfast,0.6947,Delicacy,0.6905,Cutlery,0.6794,Fast food,0.6772,1,"joy=VERY_UNLIKELY,sorrow=VERY_UNLIKELY,anger=VERY_UNLIKELY,surprise=VERY_UNLIKELY","#ccbea2,#dcc066,#1a1110",True
IMG_20260507_213719049_HDR.jpg,Food,0.9943,Ingredient,0.9778,Kitchen Appliance,0.9755,Cookware and bakeware,0.9725,Cooking,0.9706,Produce,0.9506,Vegetable,0.9273,Frying pan,0.9131,Kitchen utensil,0.897,Kitchen,0.8961,Home appliance,0.8906,Kitchen stove,0.8857,Pan frying,0.8799,Wok,0.8684,Leaf vegetable,0.8678,0,N/A,"#847656,#ad9978,#5b5335",True
IMG_20260508_100802608_HDR.jpg,Electronic device,0.9888,Gadget,0.9825,Mobile phone,0.9724,Mobile device,0.9712,Communication Device,0.9703,Telephony,0.9668,Portable communications device,0.9633,Display device,0.959,Finger,0.9467,Smartphone,0.9321,Technology,0.8978,Telephone,0.887,Wrist,0.8868,Electronics,0.858,iPhone,0.8524,1,"joy=VERY_UNLIKELY,sorrow=VERY_UNLIKELY,anger=VERY_UNLIKELY,surprise=VERY_UNLIKELY","#17161b,#343235,#585652",True
IMG_20260509_192957257_HDR.jpg,Footwear,0.9733,Shoe,0.973,Sneakers,0.8966,Floor,0.8925,Walking Shoe,0.8057,Sock,0.7795,Outdoor Shoe,0.6801,Foot,0.6733,Ankle,0.6212,Balance,0.5807,Calf,0.5476,N/A,N/A,N/A,N/A,N/A,N/A,N/A,N/A,0,N/A,"#b88e60,#a0754b,#ba9566",True
IMG_20260509_152331064_HDR.jpg,Floor,0.9208,Flooring,0.9101,Elbow,0.8922,Ceiling,0.8007,Cleanliness,0.5996,Balance,0.591,N/A,N/A,N/A,N/A,N/A,N/A,N/A,N/A,N/A,N/A,N/A,N/A,N/A,N/A,N/A,N/A,N/A,N/A,1,"joy=VERY_UNLIKELY,sorrow=VERY_UNLIKELY,anger=VERY_UNLIKELY,surprise=VERY_UNLIKELY","#c9c6c3,#e6e9ea,#77716e",True
IMG_20260510_105943321_HDR.jpg,Paper,0.948,Paper Product,0.9086,Number,0.827,Nail,0.6979,Handwriting,0.6729,Document,0.6611,Writing,0.5725,Stationery,0.5281,Publication,0.511,N/A,N/A,N/A,N/A,N/A,N/A,N/A,N/A,N/A,N/A,N/A,N/A,0,N/A,"#c8c8c9,#877671,#a49a98",True
IMG_20260510_182755.jpg,Footwear,0.9744,Shoe,0.9655,Bag,0.9633,Leg,0.9611,Public space,0.9313,Pedestrian,0.9252,Luggage & bags,0.9237,Street,0.917,Sneakers,0.8418,Sidewalk,0.8386,Recreation,0.8191,Walking,0.8074,Backpack,0.7385,Handbag,0.7243,Walking Shoe,0.5752,3,"joy=VERY_UNLIKELY,sorrow=VERY_UNLIKELY,anger=VERY_UNLIKELY,surprise=VERY_UNLIKELY; joy=VERY_UNLIKELY,sorrow=VERY_UNLIKELY,anger=VERY_UNLIKELY,surprise=VERY_UNLIKELY; joy=VERY_UNLIKELY,sorrow=VERY_UNLIKELY,anger=VERY_UNLIKELY,surprise=VERY_UNLIKELY","#0b142b,#258c75,#36a58d",True
IMG-20260517-WA0002.jpg,Eyewear,0.9897,Glasses,0.9745,Vision Care,0.972,Happiness,0.9718,Smile,0.9684,Facial expression,0.9449,Black hair,0.9365,Selfie,0.8004,N/A,N/A,N/A,N/A,N/A,N/A,N/A,N/A,N/A,N/A,N/A,N/A,N/A,N/A,2,"joy=POSSIBLE,sorrow=VERY_UNLIKELY,anger=VERY_UNLIKELY,surprise=VERY_UNLIKELY; joy=VERY_LIKELY,sorrow=VERY_UNLIKELY,anger=VERY_UNLIKELY,surprise=VERY_UNLIKELY","#d5c0a2,#cbc8c1,#373032",True
Screenshot_20260531-155531_Instagram.png,Physical fitness,0.9455,Exercise,0.8954,Calf,0.5846,Training,0.5439,Professional fitness coach,0.5149,N/A,N/A,N/A,N/A,N/A,N/A,N/A,N/A,N/A,N/A,N/A,N/A,N/A,N/A,N/A,N/A,N/A,N/A,N/A,N/A,1,"joy=VERY_UNLIKELY,sorrow=VERY_UNLIKELY,anger=VERY_UNLIKELY,surprise=VERY_UNLIKELY","#807561,#7b776f,#615948",True
IMG_20260531_150126571_HDR.jpg,Eyewear,0.9888,Sleeve,0.9838,T-shirt,0.9813,Shoulder,0.9778,Vision Care,0.9765,Glasses,0.9737,Wrist,0.9149,Active Shirt,0.9094,Elbow,0.8974,Muscle,0.8466,Thumb,0.7747,Facial hair,0.7527,Beard,0.6475,Electronics,0.5543,N/A,N/A,1,"joy=VERY_UNLIKELY,sorrow=VERY_UNLIKELY,anger=VERY_UNLIKELY,surprise=VERY_UNLIKELY","#30312c,#cabdac,#54544f",True
IMG_20260531_135455519.jpg,Eyewear,0.9948,Glasses,0.987,Head,0.9859,Vision Care,0.9849,Nose,0.9746,Mouth,0.9577,Tableware,0.9466,Smile,0.9266,Furniture,0.8916,Wrist,0.887,Facial hair,0.8651,Beard,0.8267,Drinkware,0.8184,Thumb,0.7697,Serveware,0.7547,1,"joy=VERY_LIKELY,sorrow=VERY_UNLIKELY,anger=VERY_UNLIKELY,surprise=VERY_UNLIKELY","#273549,#19181d,#37363a",True
IMG_20260621_155552453_HDR.jpg,Glass,0.8265,Retail,0.7949,Display window,0.6103,Restaurant,0.605,Customer,0.5562,Cleanliness,0.53,Transparency,0.5102,N/A,N/A,N/A,N/A,N/A,N/A,N/A,N/A,N/A,N/A,N/A,N/A,N/A,N/A,N/A,N/A,0,N/A,"#816d56,#c3c1c1,#715d48",True
IMG_20260621_150434135.jpg,Eyewear,0.9843,Glasses,0.9738,Vision Care,0.9716,Food,0.9693,Fast food,0.8386,Comfort food,0.7493,Lunch,0.7389,Recipe,0.7369,Finger food,0.7158,Cooking,0.6844,Junk food,0.6831,Side dish,0.6818,Fast food restaurant,0.6638,Eating,0.6449,Beard,0.6369,1,"joy=VERY_UNLIKELY,sorrow=VERY_UNLIKELY,anger=VERY_UNLIKELY,surprise=VERY_UNLIKELY","#333437,#e3e6e6,#c6c6c3",True
IMG_20260621_150432245_HDR.jpg,Food,0.9707,Ingredient,0.8357,Fast food,0.8356,Finger food,0.7716,Comfort food,0.7544,Lunch,0.7514,Eating,0.7164,Junk food,0.7154,Fast food restaurant,0.714,Recipe,0.7041,Side dish,0.693,Restaurant,0.6698,Cooking,0.6561,Breakfast,0.6457,Plate,0.6211,1,"joy=VERY_UNLIKELY,sorrow=VERY_UNLIKELY,anger=VERY_UNLIKELY,surprise=VERY_UNLIKELY","#c4c6c4,#e7eae8,#343435",True
IMG_20260621_135408171_HDR.jpg,Shoulder,0.9719,T-shirt,0.9662,Finger,0.9436,Wrist,0.921,Elbow,0.9072,Active Shirt,0.8388,Thumb,0.771,Beard,0.7116,Wood stain,0.7044,Hardwood,0.6283,Plank,0.5365,N/A,N/A,N/A,N/A,N/A,N/A,N/A,N/A,2,"joy=VERY_UNLIKELY,sorrow=VERY_UNLIKELY,anger=VERY_UNLIKELY,surprise=VERY_UNLIKELY; joy=VERY_LIKELY,sorrow=VERY_UNLIKELY,anger=VERY_UNLIKELY,surprise=VERY_UNLIKELY","#b39d7e,#18161b,#131929",True
IMG_20260626_223715146_HDR.jpg,Face,0.9801,Outerwear,0.9629,Jacket,0.94,Smile,0.9182,Passenger,0.9167,Public transport,0.8871,Beard,0.8457,Facial hair,0.8202,Rapid transit,0.7723,Happiness,0.648,Train,0.6125,Hoodie,0.5776,Laughter,0.5019,N/A,N/A,N/A,N/A,3,"joy=VERY_LIKELY,sorrow=VERY_UNLIKELY,anger=VERY_UNLIKELY,surprise=VERY_UNLIKELY; joy=UNLIKELY,sorrow=VERY_UNLIKELY,anger=VERY_UNLIKELY,surprise=VERY_UNLIKELY; joy=UNLIKELY,sorrow=VERY_UNLIKELY,anger=VERY_UNLIKELY,surprise=VERY_UNLIKELY","#a79a83,#cbbda2,#847763",True
IMG_20260627_125128752_HDR.jpg,Wrist,0.8864,Comfort,0.8292,Facial hair,0.8202,Passenger,0.7911,Car seat,0.7687,Beard,0.6681,Nap,0.5842,Head restraint,0.5346,N/A,N/A,N/A,N/A,N/A,N/A,N/A,N/A,N/A,N/A,N/A,N/A,N/A,N/A,1,"joy=VERY_UNLIKELY,sorrow=VERY_UNLIKELY,anger=VERY_UNLIKELY,surprise=VERY_UNLIKELY","#939f9f,#eef4f1,#b8c3c4",False
IMG_20260627_203926821.jpg,Furniture,0.9778,Interior design,0.9707,Textile,0.9498,Room,0.9386,Linens,0.9386,Brown,0.9174,Floor,0.9036,Cushion,0.8993,Home,0.8908,Pillow,0.8769,Bedroom,0.8663,Throw pillow,0.8331,Grey,0.8294,Comfort,0.8048,Bedding,0.8008,0,N/A,"#856968,#6d5252,#74544a",True
IMG_20260627_185436569_HDR.jpg,Furniture,0.9759,Food,0.94,Table,0.9354,Chair,0.9204,Outdoor Table,0.8822,Outdoor furniture,0.8719,Sharing,0.8655,Barbecue,0.8571,Leisure,0.8215,Outdoor Grill,0.8116,Grilling,0.7549,Yard,0.7245,Cooking,0.7241,Backyard,0.703,Outdoor Grill Rack & Topper,0.7025,2,"joy=VERY_LIKELY,sorrow=VERY_UNLIKELY,anger=VERY_UNLIKELY,surprise=VERY_UNLIKELY; joy=VERY_LIKELY,sorrow=VERY_UNLIKELY,anger=VERY_UNLIKELY,surprise=VERY_UNLIKELY","#abc5dc,#565356,#15161b",True
IMG_20260627_152235475_HDR.jpg,Handwriting,0.6338,N/A,N/A,N/A,N/A,N/A,N/A,N/A,N/A,N/A,N/A,N/A,N/A,N/A,N/A,N/A,N/A,N/A,N/A,N/A,N/A,N/A,N/A,N/A,N/A,N/A,N/A,N/A,N/A,0,N/A,"#cbc8c3,#e4e4df,#65483a",True
IMG_20260628_154013.jpg,Furniture,0.9358,Sitting,0.9008,Wood stain,0.6996,Restaurant,0.6579,Food,0.5621,N/A,N/A,N/A,N/A,N/A,N/A,N/A,N/A,N/A,N/A,N/A,N/A,N/A,N/A,N/A,N/A,N/A,N/A,N/A,N/A,1,"joy=VERY_UNLIKELY,sorrow=VERY_UNLIKELY,anger=VERY_UNLIKELY,surprise=VERY_UNLIKELY","#807877,#161316,#9f9794",True
IMG_20260628_225919.heic,Sports venue,0.9857,Stadium,0.9714,Crowd,0.9692,Fan,0.9465,Hat,0.8814,Arena,0.8807,Sports,0.8678,Public event,0.8609,Cap,0.8253,Floodlight,0.8208,Audience,0.8191,Logo,0.7769,Baseball cap,0.7265,Soccer-specific stadium,0.7142,Artificial turf,0.6672,8,"joy=VERY_UNLIKELY,sorrow=VERY_UNLIKELY,anger=VERY_UNLIKELY,surprise=VERY_UNLIKELY; joy=VERY_UNLIKELY,sorrow=VERY_UNLIKELY,anger=VERY_UNLIKELY,surprise=VERY_UNLIKELY; joy=VERY_UNLIKELY,sorrow=VERY_UNLIKELY,anger=VERY_UNLIKELY,surprise=VERY_UNLIKELY; joy=VERY_UNLIKELY,sorrow=VERY_UNLIKELY,anger=VERY_UNLIKELY,surprise=VERY_UNLIKELY; joy=VERY_UNLIKELY,sorrow=VERY_UNLIKELY,anger=VERY_UNLIKELY,surprise=VERY_UNLIKELY; joy=VERY_UNLIKELY,sorrow=VERY_UNLIKELY,anger=VERY_UNLIKELY,surprise=VERY_UNLIKELY; joy=VERY_UNLIKELY,sorrow=VERY_UNLIKELY,anger=VERY_UNLIKELY,surprise=VERY_UNLIKELY; joy=VERY_UNLIKELY,sorrow=VERY_UNLIKELY,anger=VERY_UNLIKELY,surprise=VERY_UNLIKELY","#4a536c,#2d3549,#2f3132",True
IMG_20260628_225911.heic,Sports venue,0.9753,Stadium,0.9391,Crowd,0.9088,Fan,0.8751,Cap,0.8245,Arena,0.8084,Sports,0.8055,Logo,0.7907,Floodlight,0.7301,Public event,0.7054,Baseball cap,0.6925,Artificial turf,0.6068,Baseball,0.5521,Hoodie,0.5308,N/A,N/A,5,"joy=VERY_UNLIKELY,sorrow=VERY_UNLIKELY,anger=VERY_UNLIKELY,surprise=VERY_UNLIKELY; joy=VERY_UNLIKELY,sorrow=VERY_UNLIKELY,anger=VERY_UNLIKELY,surprise=VERY_UNLIKELY; joy=VERY_UNLIKELY,sorrow=VERY_UNLIKELY,anger=VERY_UNLIKELY,surprise=VERY_UNLIKELY; joy=VERY_UNLIKELY,sorrow=VERY_UNLIKELY,anger=VERY_UNLIKELY,surprise=VERY_UNLIKELY; joy=VERY_UNLIKELY,sorrow=VERY_UNLIKELY,anger=VERY_UNLIKELY,surprise=VERY_UNLIKELY","#353637,#505454,#6a7490",True
IMG_20260628_225916.heic,Sports venue,0.9773,Crowd,0.9633,Stadium,0.9538,Fan,0.9281,Hat,0.9224,Jacket,0.8992,Cap,0.8684,Arena,0.8109,Baseball cap,0.7891,Public event,0.7668,Logo,0.7648,Hoodie,0.7471,Audience,0.6692,Artificial turf,0.6561,N/A,N/A,8,"joy=VERY_UNLIKELY,sorrow=VERY_UNLIKELY,anger=VERY_UNLIKELY,surprise=VERY_UNLIKELY; joy=VERY_UNLIKELY,sorrow=VERY_UNLIKELY,anger=VERY_UNLIKELY,surprise=VERY_UNLIKELY; joy=VERY_UNLIKELY,sorrow=VERY_UNLIKELY,anger=VERY_UNLIKELY,surprise=VERY_UNLIKELY; joy=VERY_UNLIKELY,sorrow=VERY_UNLIKELY,anger=VERY_UNLIKELY,surprise=VERY_UNLIKELY; joy=VERY_UNLIKELY,sorrow=VERY_UNLIKELY,anger=VERY_UNLIKELY,surprise=VERY_UNLIKELY; joy=VERY_UNLIKELY,sorrow=VERY_UNLIKELY,anger=VERY_UNLIKELY,surprise=VERY_UNLIKELY; joy=VERY_LIKELY,sorrow=VERY_UNLIKELY,anger=VERY_UNLIKELY,surprise=VERY_UNLIKELY; joy=VERY_UNLIKELY,sorrow=VERY_UNLIKELY,anger=VERY_UNLIKELY,surprise=VERY_UNLIKELY","#47516d,#2f374a,#303234",True
IMG-20260627-WA0005.jpg,Smile,0.989,Eyewear,0.9839,Glasses,0.9788,Vision Care,0.9716,Happiness,0.971,T-shirt,0.9627,Facial expression,0.9449,Social group,0.9405,Youth,0.9344,Crowd,0.8894,Fun,0.8768,Friendship,0.8721,Leisure,0.8547,Cap,0.7637,Sunglasses,0.6917,7,"joy=VERY_UNLIKELY,sorrow=VERY_UNLIKELY,anger=VERY_UNLIKELY,surprise=VERY_UNLIKELY; joy=VERY_LIKELY,sorrow=VERY_UNLIKELY,anger=VERY_UNLIKELY,surprise=VERY_UNLIKELY; joy=VERY_UNLIKELY,sorrow=VERY_UNLIKELY,anger=VERY_UNLIKELY,surprise=VERY_UNLIKELY; joy=VERY_LIKELY,sorrow=VERY_UNLIKELY,anger=VERY_UNLIKELY,surprise=VERY_UNLIKELY; joy=VERY_UNLIKELY,sorrow=VERY_UNLIKELY,anger=VERY_UNLIKELY,surprise=VERY_UNLIKELY; joy=VERY_UNLIKELY,sorrow=VERY_UNLIKELY,anger=VERY_UNLIKELY,surprise=VERY_UNLIKELY; joy=VERY_LIKELY,sorrow=VERY_UNLIKELY,anger=VERY_UNLIKELY,surprise=VERY_UNLIKELY","#383335,#191314,#262f62",True
IMG-20260624-WA0004.jpeg,Floor,0.9129,Elbow,0.907,Wrist,0.8896,Composite material,0.8809,Walking Shoe,0.6819,Cleanliness,0.6245,Outdoor Shoe,0.6182,N/A,N/A,N/A,N/A,N/A,N/A,N/A,N/A,N/A,N/A,N/A,N/A,N/A,N/A,N/A,N/A,1,"joy=VERY_UNLIKELY,sorrow=VERY_UNLIKELY,anger=VERY_UNLIKELY,surprise=VERY_UNLIKELY","#d3c5b3,#ad9c85,#433930",True
IMG-20260625-WA0009.jpg,Mirror,0.9611,Bathroom,0.9444,Plumbing fixture,0.9314,Bathroom Sink,0.8949,Personal care,0.8922,Plumbing,0.8882,Room,0.8733,Sink,0.871,Tap,0.8629,Brush,0.799,Selfie,0.7828,Towel,0.7453,Household Supply,0.7089,Toothbrush,0.6555,Cleanliness,0.6401,1,"joy=VERY_UNLIKELY,sorrow=VERY_UNLIKELY,anger=VERY_UNLIKELY,surprise=VERY_UNLIKELY","#9f6c40,#c88e5a,#7e502b",True
IMG_20260716_190721493.jpg,Clothing,0.9939,Sleeve,0.9863,Shoulder,0.9843,Facial hair,0.9739,Neck,0.9568,Finger,0.9476,Beard,0.9452,Standing,0.9398,Wrist,0.9257,Elbow,0.914,Moustache,0.9014,Muscle,0.8925,Waist,0.8721,Active Shirt,0.8667,Torso,0.8598,1,"joy=VERY_LIKELY,sorrow=VERY_UNLIKELY,anger=VERY_UNLIKELY,surprise=VERY_UNLIKELY","#f8e9d8,#38312f,#1c1615",True
IMG_0123.HEIC,Tableware,0.9751,Drinking straw,0.9405,Food,0.9336,Non-alcoholic drink,0.9191,Juice,0.919,Cocktail,0.8946,Soft drink,0.8208,Punch,0.7922,Classic cocktail,0.7903,Shrub,0.7745,Alcoholic drink,0.7723,Cocktail garnish,0.7662,Aguas frescas,0.7186,Health shake,0.6867,Orange drink,0.6632,0,N/A,"#6a201d,#76431a,#d3933d",True
IMG_8534.HEIC,Eyebrow,0.9855,Lips,0.9848,Jaw,0.9579,Facial expression,0.9448,Eyelash,0.9074,Selfie,0.7897,Facial hair,0.7394,Happiness,0.6458,Portrait photography,0.5083,N/A,N/A,N/A,N/A,N/A,N/A,N/A,N/A,N/A,N/A,N/A,N/A,1,"joy=VERY_UNLIKELY,sorrow=VERY_UNLIKELY,anger=VERY_UNLIKELY,surprise=VERY_UNLIKELY","#e1ecf5,#684a4b,#373038",False
IMG_0169.HEIC,Eyewear,0.9848,Glasses,0.9739,Vision Care,0.9656,Food,0.9344,Ingredient,0.9171,Cake,0.9031,Dessert,0.8944,Dairy product,0.8145,Cream,0.8057,Frozen dessert,0.7981,Facial hair,0.7542,Recipe,0.7198,Icing,0.7135,Baking,0.6747,Comfort food,0.6436,1,"joy=VERY_LIKELY,sorrow=VERY_UNLIKELY,anger=VERY_UNLIKELY,surprise=VERY_UNLIKELY","#d0bba0,#b39b82,#8b755f",True
IMG_0184.HEIC,Smile,0.9504,Logo,0.8573,Advertising,0.7135,Design,0.6702,N/A,N/A,N/A,N/A,N/A,N/A,N/A,N/A,N/A,N/A,N/A,N/A,N/A,N/A,N/A,N/A,N/A,N/A,N/A,N/A,N/A,N/A,2,"joy=VERY_LIKELY,sorrow=VERY_UNLIKELY,anger=VERY_UNLIKELY,surprise=VERY_UNLIKELY; joy=VERY_LIKELY,sorrow=VERY_UNLIKELY,anger=VERY_UNLIKELY,surprise=VERY_UNLIKELY","#52534d,#17140f,#363530",True
IMG_0309.HEIC,Display device,0.6179,Advertising,0.6132,Multimedia,0.5678,Graphic design,0.5449,N/A,N/A,N/A,N/A,N/A,N/A,N/A,N/A,N/A,N/A,N/A,N/A,N/A,N/A,N/A,N/A,N/A,N/A,N/A,N/A,N/A,N/A,2,"joy=VERY_LIKELY,sorrow=VERY_UNLIKELY,anger=VERY_UNLIKELY,surprise=VERY_UNLIKELY; joy=VERY_LIKELY,sorrow=VERY_UNLIKELY,anger=VERY_UNLIKELY,surprise=VERY_UNLIKELY","#cc9981,#e2b07f,#ab94bb",True
IMG_0215.HEIC,Flower,0.9918,Plants,0.9723,Shrub,0.9237,Purple,0.9109,Groundcover,0.9002,Pink,0.8927,Flowering plant,0.8599,Ruellia simplex,0.8192,Wildflower,0.7879,Herbaceous plant,0.7587,Perennial plant,0.6183,Violaceae,0.6003,Bellflower family,0.5917,Verbenas,0.5715,Nightshade,0.5645,0,N/A,"#787757,#585739,#727b42",True
IMG_0222.HEIC,Flower,0.988,Petal,0.9578,Flowering plant,0.8591,Pollen,0.7641,Herbaceous plant,0.747,Wildflower,0.6964,Forb,0.6806,Daisy family,0.632,Perennial plant,0.6126,African daisies,0.5539,Floristry,0.5215,Dicotyledon,0.5138,Stone plants,0.5086,Sunflowers,0.5076,N/A,N/A,0,N/A,"#681606,#8d391c,#450201",True
IMG_0302.HEIC,Advertising,0.8167,Graphic design,0.5761,N/A,N/A,N/A,N/A,N/A,N/A,N/A,N/A,N/A,N/A,N/A,N/A,N/A,N/A,N/A,N/A,N/A,N/A,N/A,N/A,N/A,N/A,N/A,N/A,N/A,N/A,2,"joy=VERY_LIKELY,sorrow=VERY_UNLIKELY,anger=VERY_UNLIKELY,surprise=VERY_UNLIKELY; joy=VERY_LIKELY,sorrow=VERY_UNLIKELY,anger=VERY_UNLIKELY,surprise=VERY_UNLIKELY","#8a6870,#866c8f,#73515d",True
IMG_0214.HEIC,Flower,0.9909,Plants,0.9707,Shrub,0.9442,Garden,0.9424,Groundcover,0.8772,Flowering plant,0.8376,Purple,0.8344,Spring,0.8262,Wildflower,0.7681,Herbaceous plant,0.7214,Landscaping,0.6862,Yard,0.6606,Botanical garden,0.6457,Perennial plant,0.6265,Forb,0.6071,1,"joy=VERY_UNLIKELY,sorrow=VERY_UNLIKELY,anger=VERY_UNLIKELY,surprise=VERY_UNLIKELY","#936d77,#b6929d,#863d54",True
IMG_0548.HEIC,Eyewear,0.9885,Glasses,0.9786,Vision Care,0.973,Facial hair,0.8976,Drinkware,0.88,Beard,0.8593,Restaurant,0.8371,Food,0.8057,Moustache,0.7427,Serveware,0.6835,Fast food,0.6078,Cup,0.5367,Customer,0.5253,Coffee,0.5091,N/A,N/A,1,"joy=POSSIBLE,sorrow=VERY_UNLIKELY,anger=VERY_UNLIKELY,surprise=VERY_UNLIKELY","#a59b7f,#9f9895,#7a7677",True
IMG_0124.HEIC,Glasses,0.9802,Vision Care,0.959,Tableware,0.954,Beard,0.9217,Drinkware,0.9203,Table,0.9177,Facial hair,0.9111,Furniture,0.8908,Barware,0.8805,Alcoholic drink,0.8148,Alcohol,0.8137,Juice,0.7954,Food,0.7949,Fun,0.7643,Cocktail,0.7453,3,"joy=VERY_UNLIKELY,sorrow=VERY_UNLIKELY,anger=VERY_UNLIKELY,surprise=VERY_UNLIKELY; joy=UNLIKELY,sorrow=VERY_UNLIKELY,anger=VERY_UNLIKELY,surprise=VERY_UNLIKELY; joy=UNLIKELY,sorrow=VERY_UNLIKELY,anger=VERY_UNLIKELY,surprise=VERY_UNLIKELY","#4e2c1e,#1a1313,#362f2e",False
IMG_8470.HEIC,Food,0.9427,Finger food,0.853,Fast food,0.8208,Eating,0.7857,Thumb,0.7774,Fried food,0.7431,Comfort food,0.648,Beard,0.627,Junk food,0.6142,Taste,0.5687,Lunch,0.5385,Meat,0.5292,Moustache,0.5207,Canadian cuisine,0.5068,American cuisine,0.5033,1,"joy=VERY_LIKELY,sorrow=VERY_UNLIKELY,anger=VERY_UNLIKELY,surprise=VERY_UNLIKELY","#d4c09d,#af9b7f,#76797e",True
IMG_0537.HEIC,Eyewear,0.9952,Glasses,0.9862,Head,0.9854,Eyebrow,0.9853,Vision Care,0.9844,Facial hair,0.9775,Shoulder,0.9762,Beard,0.9619,Black hair,0.9472,Facial expression,0.9449,Smile,0.9039,Wrist,0.8858,Happiness,0.8827,Elbow,0.8794,Moustache,0.8608,1,"joy=VERY_LIKELY,sorrow=VERY_UNLIKELY,anger=VERY_UNLIKELY,surprise=VERY_UNLIKELY","#38302f,#1e1716,#9e9c95",True
IMG_0679.HEIC,Furniture,0.9429,Outdoor furniture,0.896,Chair,0.8921,Outdoor Table,0.8878,Sitting,0.8632,Leisure,0.832,Patio,0.7652,Vacation,0.72,Shade,0.6886,Deck,0.6342,Umbrella,0.6184,Coffee table,0.5858,Armrest,0.5498,Outdoor Structure,0.5435,Restaurant,0.5362,4,"joy=VERY_LIKELY,sorrow=VERY_UNLIKELY,anger=VERY_UNLIKELY,surprise=VERY_UNLIKELY; joy=VERY_UNLIKELY,sorrow=VERY_UNLIKELY,anger=VERY_UNLIKELY,surprise=VERY_UNLIKELY; joy=VERY_LIKELY,sorrow=VERY_UNLIKELY,anger=VERY_UNLIKELY,surprise=VERY_UNLIKELY; joy=VERY_LIKELY,sorrow=VERY_UNLIKELY,anger=VERY_UNLIKELY,surprise=VERY_UNLIKELY","#9bbcef,#363437,#accaee",True
IMG_0109.HEIC,Food,0.993,Pizza,0.9618,Ingredient,0.9475,Fast food,0.8807,Cooking,0.8433,Recipe,0.8424,Baking,0.7509,Comfort food,0.72,Finger food,0.7146,Pizza cheese,0.6987,Italian cuisine,0.6736,Produce,0.6486,American cuisine,0.6206,Meat,0.6125,Kitchen utensil,0.6052,0,N/A,"#7c461f,#522a19,#714530",False
27b5ffd9-9187-4034-b002-cac7ee11f408.jpg,Electronic device,0.9874,Gadget,0.9819,Communication Device,0.9752,Mobile phone,0.9712,Telephony,0.9683,Display device,0.9651,Portable communications device,0.9426,Mobile device,0.9409,Smartphone,0.8888,Technology,0.8877,Telephone,0.8576,Multimedia,0.8571,Cameras & optics,0.7757,Flat-panel display,0.7376,Electronics,0.7092,9,"joy=VERY_UNLIKELY,sorrow=VERY_UNLIKELY,anger=VERY_UNLIKELY,surprise=VERY_UNLIKELY; joy=VERY_UNLIKELY,sorrow=VERY_UNLIKELY,anger=VERY_UNLIKELY,surprise=VERY_UNLIKELY; joy=VERY_UNLIKELY,sorrow=VERY_UNLIKELY,anger=VERY_UNLIKELY,surprise=VERY_UNLIKELY; joy=VERY_UNLIKELY,sorrow=VERY_UNLIKELY,anger=VERY_UNLIKELY,surprise=VERY_UNLIKELY; joy=VERY_UNLIKELY,sorrow=VERY_UNLIKELY,anger=VERY_UNLIKELY,surprise=VERY_UNLIKELY; joy=UNLIKELY,sorrow=VERY_UNLIKELY,anger=VERY_UNLIKELY,surprise=VERY_UNLIKELY; joy=VERY_UNLIKELY,sorrow=VERY_UNLIKELY,anger=VERY_UNLIKELY,surprise=VERY_UNLIKELY; joy=VERY_UNLIKELY,sorrow=VERY_UNLIKELY,anger=VERY_UNLIKELY,surprise=VERY_UNLIKELY; joy=VERY_LIKELY,sorrow=VERY_UNLIKELY,anger=VERY_UNLIKELY,surprise=VERY_UNLIKELY","#0f0b0f,#4f2f16,#65421d",True
IMG_8943.HEIC,Arm,0.9733,Shorts,0.9682,Physical fitness,0.9417,Thigh,0.8978,Wrist,0.8817,Muscle,0.8688,Knee,0.8627,Exercise,0.8471,Waist,0.8433,Room,0.8391,Sneakers,0.8025,Active Shorts,0.8009,Abdomen,0.7849,Torso,0.7691,Calf,0.7035,5,"joy=VERY_UNLIKELY,sorrow=VERY_UNLIKELY,anger=VERY_UNLIKELY,surprise=VERY_UNLIKELY; joy=VERY_LIKELY,sorrow=VERY_UNLIKELY,anger=VERY_UNLIKELY,surprise=VERY_UNLIKELY; joy=VERY_LIKELY,sorrow=VERY_UNLIKELY,anger=VERY_UNLIKELY,surprise=VERY_UNLIKELY; joy=LIKELY,sorrow=VERY_UNLIKELY,anger=VERY_UNLIKELY,surprise=VERY_UNLIKELY; joy=VERY_UNLIKELY,sorrow=VERY_UNLIKELY,anger=VERY_UNLIKELY,surprise=VERY_UNLIKELY","#1a1211,#392f2c,#d3bc9b",True
IMG_6333.jpeg,Smile,0.9864,Happiness,0.9713,Black hair,0.9481,Facial expression,0.9449,Tooth,0.9088,Eyelash,0.8752,Selfie,0.8458,Pleased,0.6566,N/A,N/A,N/A,N/A,N/A,N/A,N/A,N/A,N/A,N/A,N/A,N/A,N/A,N/A,1,"joy=VERY_LIKELY,sorrow=VERY_UNLIKELY,anger=VERY_UNLIKELY,surprise=VERY_UNLIKELY","#ab977a,#86765d,#42321d",False
IMG_0550.HEIC,Smile,0.9537,Facial expression,0.9448,Happiness,0.9212,Drinkware,0.8298,Restaurant,0.769,Facial hair,0.7609,Beard,0.7183,Food,0.7029,Serveware,0.6588,Dishware,0.647,Cup,0.5796,Plate,0.5599,Mobile phone,0.5154,N/A,N/A,N/A,N/A,3,"joy=VERY_LIKELY,sorrow=VERY_UNLIKELY,anger=VERY_UNLIKELY,surprise=VERY_UNLIKELY; joy=UNLIKELY,sorrow=VERY_UNLIKELY,anger=VERY_UNLIKELY,surprise=VERY_UNLIKELY; joy=VERY_UNLIKELY,sorrow=VERY_UNLIKELY,anger=VERY_UNLIKELY,surprise=VERY_UNLIKELY","#d2bdaa,#ad9d8b,#b7c3a3",True
IMG_8508.HEIC,Wood,0.9713,Forest,0.927,Trunk,0.9076,Coast redwood,0.9052,Woodland,0.8922,Grove,0.8896,Old-growth forest,0.8826,Nature reserve,0.8407,Jungle,0.8397,Woody plant,0.8317,Northern hardwood forest,0.8244,Temperate broadleaf and mixed forest,0.8033,Valdivian temperate rain forest,0.7955,Spruce-fir forests,0.7557,Rainforest,0.6998,0,N/A,"#312f34,#171920,#191b2a",False
IMG_8535.HEIC,Smile,0.9881,Happiness,0.9838,Outerwear,0.9543,Headgear,0.9459,Facial expression,0.9449,Jacket,0.9146,Knit cap,0.8947,Winter,0.8219,Recreation,0.8207,Beanie,0.8095,Fun,0.7972,Selfie,0.7596,Vacation,0.7148,Hood,0.63,Portrait photography,0.5962,1,"joy=VERY_UNLIKELY,sorrow=VERY_UNLIKELY,anger=VERY_UNLIKELY,surprise=VERY_LIKELY","#d0def2,#63a1d3,#4980ae",False
IMG_0225.HEIC,Flower,0.9873,Plants,0.9685,Foxgloves,0.9526,Pink,0.9082,Petal,0.8924,Purple,0.8569,Flowering plant,0.8375,Wildflower,0.6286,Perennial plant,0.6082,Bellflowers,0.554,Bellflower family,0.5219,Dicotyledon,0.5218,Gesneriaceae,0.51,Broomrapes,0.505,Lamiales,0.5049,0,N/A,"#f069e5,#c93cb4,#8d236b",False
IMG_0218.HEIC,Flower,0.992,Plants,0.9714,Petal,0.9699,Yellow,0.9628,Pink,0.9141,Flowering plant,0.8752,Garden,0.8402,Herbaceous plant,0.738,Lily of the Incas,0.731,Plant stem,0.711,Wildflower,0.7056,Alstroemeriaceae,0.6727,Pollen,0.6622,Perennial plant,0.6318,Lilies,0.6281,0,N/A,"#8b3938,#ba5a3e,#92381f",True
IMG_0201.HEIC,Facial expression,0.9449,Smile,0.9158,Active Shirt,0.8763,Happiness,0.8486,Facial hair,0.8069,Logo,0.7678,Mobile phone,0.7571,Selfie,0.7002,Gadget,0.6948,Moustache,0.5893,Portable communications device,0.5773,Pleased,0.5669,Telephony,0.5571,Smartphone,0.5495,Communication Device,0.5189,1,"joy=VERY_UNLIKELY,sorrow=VERY_UNLIKELY,anger=VERY_UNLIKELY,surprise=VERY_UNLIKELY","#181131,#30235d,#a89a7d",True
IMG_0211.HEIC,Flower,0.9914,Plants,0.9687,Petal,0.9681,Pink,0.9263,Flowering plant,0.8631,Wildflower,0.8026,Herbaceous plant,0.7982,Pollen,0.7785,Plant stem,0.77,Malvales,0.6736,Hollyhocks,0.6433,Perennial plant,0.5827,Dicotyledon,0.5175,Geraniums,0.5039,N/A,N/A,0,N/A,"#9d2959,#c1477c,#961738",True
6a870a0f-6d07-4a2c-a9e3-a9d7991e0de2.jpg,Cheek,0.9867,Eyebrow,0.9859,Lips,0.9848,Forehead,0.9817,Jaw,0.9553,Eyelash,0.952,Facial expression,0.9449,Black hair,0.9444,Selfie,0.8682,Happiness,0.7982,Fun,0.772,Pleased,0.7095,Surprise,0.5122,N/A,N/A,N/A,N/A,2,"joy=VERY_UNLIKELY,sorrow=VERY_UNLIKELY,anger=VERY_UNLIKELY,surprise=VERY_UNLIKELY; joy=VERY_UNLIKELY,sorrow=VERY_UNLIKELY,anger=VERY_UNLIKELY,surprise=LIKELY","#19141d,#412745,#23152e",False
IMG_8531.HEIC,Pebble,0.9043,Heart,0.8374,Gravel,0.7755,Rubble,0.7171,Cobblestone,0.5132,N/A,N/A,N/A,N/A,N/A,N/A,N/A,N/A,N/A,N/A,N/A,N/A,N/A,N/A,N/A,N/A,N/A,N/A,N/A,N/A,0,N/A,"#c89080,#ecb3a4,#9e6e5d",False
IMG_5198.jpeg,Furniture,0.9892,Arm,0.9737,Wood,0.9715,Hand,0.9697,Table,0.9663,Interior design,0.9634,Shirt,0.9558,Chair,0.9547,Room,0.8963,Sharing,0.8645,Glass,0.8317,Wood stain,0.7833,Varnish,0.7822,Comfort,0.7801,Conversation,0.7674,8,"joy=VERY_UNLIKELY,sorrow=VERY_UNLIKELY,anger=VERY_UNLIKELY,surprise=VERY_UNLIKELY; joy=POSSIBLE,sorrow=VERY_UNLIKELY,anger=VERY_UNLIKELY,surprise=VERY_UNLIKELY; joy=VERY_UNLIKELY,sorrow=VERY_UNLIKELY,anger=VERY_UNLIKELY,surprise=VERY_UNLIKELY; joy=VERY_UNLIKELY,sorrow=VERY_UNLIKELY,anger=VERY_UNLIKELY,surprise=VERY_UNLIKELY; joy=VERY_LIKELY,sorrow=VERY_UNLIKELY,anger=VERY_UNLIKELY,surprise=VERY_UNLIKELY; joy=UNLIKELY,sorrow=VERY_UNLIKELY,anger=VERY_UNLIKELY,surprise=VERY_UNLIKELY; joy=VERY_LIKELY,sorrow=VERY_UNLIKELY,anger=VERY_UNLIKELY,surprise=VERY_UNLIKELY; joy=VERY_LIKELY,sorrow=VERY_UNLIKELY,anger=VERY_UNLIKELY,surprise=VERY_UNLIKELY","#a39882,#a09c93,#877b66",True
IMG_9998.HEIC,Footwear,0.9799,Shoe,0.9767,Sneakers,0.8464,Walking Shoe,0.8237,Outdoor Shoe,0.6972,Running Shoe,0.5718,Calf,0.5283,Cross Training Shoe,0.5238,N/A,N/A,N/A,N/A,N/A,N/A,N/A,N/A,N/A,N/A,N/A,N/A,N/A,N/A,0,N/A,"#eeae5b,#e1b276,#c89660",False
IMG_0229.HEIC,Flower,0.9909,Green,0.9779,Red,0.9762,Petal,0.9728,Plants,0.9668,Flowering plant,0.8633,Spring,0.8291,Garden,0.8161,Plant stem,0.7604,Herbaceous plant,0.758,Poppies,0.7489,Wildflower,0.7372,Common poppy,0.6664,Oriental poppy,0.6439,Pollen,0.6398,0,N/A,"#e72c24,#d04a3c,#b95d43",True
IMG_0307.HEIC,Ceiling,0.7668,Display device,0.7297,Advertising,0.6764,Multimedia,0.6289,Cleanliness,0.5372,Graphic design,0.5121,N/A,N/A,N/A,N/A,N/A,N/A,N/A,N/A,N/A,N/A,N/A,N/A,N/A,N/A,N/A,N/A,N/A,N/A,2,"joy=VERY_LIKELY,sorrow=VERY_UNLIKELY,anger=VERY_UNLIKELY,surprise=VERY_UNLIKELY; joy=VERY_LIKELY,sorrow=VERY_UNLIKELY,anger=VERY_UNLIKELY,surprise=VERY_UNLIKELY","#ab92bb,#9666b2,#deb59b",True
9d5dbc3f-be94-4ef6-bfc6-5ed20578cbbd.jpeg,Hair,0.9909,Glasses,0.9788,Arm,0.9742,Vision Care,0.973,T-shirt,0.9708,Smile,0.9614,Shirt,0.9549,Youth,0.9461,Social group,0.9438,Jeans,0.9264,Interaction,0.9189,Happiness,0.8804,Fun,0.8788,Luggage & bags,0.8731,Waist,0.8365,12,"joy=VERY_UNLIKELY,sorrow=VERY_UNLIKELY,anger=VERY_UNLIKELY,surprise=VERY_UNLIKELY; joy=VERY_UNLIKELY,sorrow=VERY_UNLIKELY,anger=VERY_UNLIKELY,surprise=VERY_UNLIKELY; joy=UNLIKELY,sorrow=VERY_UNLIKELY,anger=VERY_UNLIKELY,surprise=VERY_UNLIKELY; joy=UNLIKELY,sorrow=VERY_UNLIKELY,anger=VERY_UNLIKELY,surprise=VERY_UNLIKELY; joy=UNLIKELY,sorrow=VERY_UNLIKELY,anger=VERY_UNLIKELY,surprise=VERY_UNLIKELY; joy=VERY_UNLIKELY,sorrow=VERY_UNLIKELY,anger=VERY_UNLIKELY,surprise=VERY_UNLIKELY; joy=VERY_LIKELY,sorrow=VERY_UNLIKELY,anger=VERY_UNLIKELY,surprise=VERY_UNLIKELY; joy=VERY_LIKELY,sorrow=VERY_UNLIKELY,anger=VERY_UNLIKELY,surprise=VERY_UNLIKELY; joy=VERY_UNLIKELY,sorrow=VERY_UNLIKELY,anger=VERY_UNLIKELY,surprise=VERY_UNLIKELY; joy=VERY_UNLIKELY,sorrow=VERY_UNLIKELY,anger=VERY_UNLIKELY,surprise=VERY_UNLIKELY; joy=VERY_LIKELY,sorrow=VERY_UNLIKELY,anger=VERY_UNLIKELY,surprise=VERY_UNLIKELY; joy=VERY_UNLIKELY,sorrow=VERY_UNLIKELY,anger=VERY_UNLIKELY,surprise=VERY_UNLIKELY","#7774de,#9d91d6,#7576d2",True
IMG_0680.HEIC,Furniture,0.9395,Outdoor furniture,0.8963,Outdoor Table,0.8823,Chair,0.8821,Sitting,0.8747,Leisure,0.8365,Patio,0.7634,Vacation,0.7279,Shade,0.6803,Deck,0.6723,Umbrella,0.6532,Coffee table,0.6292,Restaurant,0.5718,Armrest,0.5616,Kitchen & Dining Room Table,0.5343,4,"joy=VERY_LIKELY,sorrow=VERY_UNLIKELY,anger=VERY_UNLIKELY,surprise=VERY_UNLIKELY; joy=VERY_LIKELY,sorrow=VERY_UNLIKELY,anger=VERY_UNLIKELY,surprise=VERY_UNLIKELY; joy=VERY_LIKELY,sorrow=VERY_UNLIKELY,anger=VERY_UNLIKELY,surprise=VERY_UNLIKELY; joy=VERY_UNLIKELY,sorrow=VERY_UNLIKELY,anger=VERY_UNLIKELY,surprise=VERY_UNLIKELY","#adc7ed,#363437,#535255",True
IMG_0676.HEIC,Smile,0.9931,Hair,0.9906,Eyewear,0.99,Happiness,0.9866,Glasses,0.9783,Nose,0.9769,Vision Care,0.9713,Mouth,0.9623,Summer,0.9506,Fun,0.9501,Facial expression,0.9449,Tooth,0.9266,Sunglasses,0.9262,Vacation,0.9242,Friendship,0.9116,3,"joy=VERY_LIKELY,sorrow=VERY_UNLIKELY,anger=VERY_UNLIKELY,surprise=VERY_UNLIKELY; joy=VERY_UNLIKELY,sorrow=VERY_UNLIKELY,anger=VERY_UNLIKELY,surprise=VERY_UNLIKELY; joy=VERY_LIKELY,sorrow=VERY_UNLIKELY,anger=VERY_UNLIKELY,surprise=VERY_UNLIKELY","#7a9ed7,#5a7ebd,#a5c3e6",True
IMG_9999.HEIC,Eyewear,0.9932,Smile,0.9914,Happiness,0.9863,Glasses,0.984,Vision Care,0.9815,Nose,0.9754,Mouth,0.9622,Sunglasses,0.9583,Facial expression,0.9449,Fun,0.9362,Goggles,0.932,Vacation,0.8955,Leisure,0.8566,Travel,0.8088,Selfie,0.803,2,"joy=VERY_LIKELY,sorrow=VERY_UNLIKELY,anger=VERY_UNLIKELY,surprise=VERY_UNLIKELY; joy=VERY_LIKELY,sorrow=VERY_UNLIKELY,anger=VERY_UNLIKELY,surprise=VERY_UNLIKELY","#989ea3,#b6c8e6,#939cb9",True
8482c177-b037-4aeb-9444-dc23ae097ef1.jpg,Eyebrow,0.986,Lips,0.9848,Forehead,0.9834,Black hair,0.9667,Jaw,0.9613,Eyelash,0.9531,Facial expression,0.9449,Selfie,0.8677,Gesture,0.7742,Step cutting,0.6494,Feathered hair,0.6162,Portrait photography,0.6105,No expression,0.5539,Lace wig,0.5265,Curtained hair,0.5019,1,"joy=VERY_UNLIKELY,sorrow=LIKELY,anger=VERY_UNLIKELY,surprise=VERY_UNLIKELY","#8d9e6f,#6d7e53,#16110f",False
ab73d76e-7c21-4718-a066-68a564cdd049.jpg,Gadget,0.9897,Electronic device,0.9896,Communication Device,0.9872,Mobile phone,0.9774,Portable communications device,0.9761,Telephony,0.9739,Mobile device,0.9726,Display device,0.9657,Finger,0.9558,Smartphone,0.9243,Technology,0.8898,Multimedia,0.8671,Cameras & optics,0.8624,Thumb,0.86,Telephone,0.8458,7,"joy=VERY_UNLIKELY,sorrow=VERY_UNLIKELY,anger=VERY_UNLIKELY,surprise=VERY_UNLIKELY; joy=VERY_UNLIKELY,sorrow=VERY_UNLIKELY,anger=VERY_UNLIKELY,surprise=VERY_UNLIKELY; joy=VERY_UNLIKELY,sorrow=VERY_UNLIKELY,anger=VERY_UNLIKELY,surprise=VERY_UNLIKELY; joy=VERY_UNLIKELY,sorrow=VERY_UNLIKELY,anger=VERY_UNLIKELY,surprise=VERY_LIKELY; joy=VERY_UNLIKELY,sorrow=VERY_UNLIKELY,anger=VERY_UNLIKELY,surprise=VERY_UNLIKELY; joy=UNLIKELY,sorrow=VERY_UNLIKELY,anger=VERY_UNLIKELY,surprise=VERY_UNLIKELY; joy=VERY_UNLIKELY,sorrow=VERY_UNLIKELY,anger=VERY_UNLIKELY,surprise=VERY_UNLIKELY","#66421d,#0e0a0d,#202d62",True
IMG_0126.HEIC,Food,0.9344,Finger food,0.9295,Bread,0.8699,Eating,0.858,Fast food,0.837,Sandwich,0.8148,Junk food,0.7619,Breakfast,0.7534,Staple food,0.7493,Leisure,0.748,Taste,0.7348,Food craving,0.7319,Meat,0.6967,Bun,0.6928,Palm trees,0.6574,3,"joy=VERY_UNLIKELY,sorrow=VERY_UNLIKELY,anger=VERY_UNLIKELY,surprise=VERY_UNLIKELY; joy=VERY_UNLIKELY,sorrow=VERY_UNLIKELY,anger=VERY_UNLIKELY,surprise=VERY_UNLIKELY; joy=LIKELY,sorrow=VERY_UNLIKELY,anger=VERY_UNLIKELY,surprise=VERY_UNLIKELY","#7ba1e2,#5a7fc6,#383231",False
IMG_6563.jpeg,Drinkware,0.9493,Cup,0.9331,Food,0.93,Tableware,0.9263,Coffee,0.9019,Ingredient,0.8973,Cup,0.8666,Soft drink,0.744,Serveware,0.742,Caffè mocha,0.7077,Coffee substitute,0.7036,Non-alcoholic drink,0.6615,Coffee cup sleeve,0.6441,Coffee cup,0.6013,Cappuccino,0.5808,0,N/A,"#97663f,#805028,#c29065",True
IMG_0216.HEIC,Flower,0.9888,Groundcover,0.8798,Flowering plant,0.8529,Garden,0.8424,Purple,0.8393,Herbaceous plant,0.7363,Wildflower,0.67,Perennial plant,0.6209,Forb,0.6194,Butterfly bush,0.5722,Herb,0.571,Verbenas,0.5632,Alyssum,0.5401,Borages,0.533,Vervain,0.5144,0,N/A,"#837563,#a39682,#c8bec6",False
IMG_8527.JPG,Natural environment,0.9754,Wood,0.9707,Forest,0.9291,Trunk,0.9079,Grove,0.9046,Woodland,0.9008,Recreation,0.8894,Old-growth forest,0.8862,Coast redwood,0.8552,Northern hardwood forest,0.8538,Nature reserve,0.8442,Jungle,0.8407,Temperate broadleaf and mixed forest,0.8284,Woody plant,0.8281,Valdivian temperate rain forest,0.7918,0,N/A,"#1c161a,#352d2f,#2a161b",True
IMG_0106.HEIC,Food,0.9935,Ingredient,0.9746,Grated cheese,0.8768,Foil,0.8585,Cheese,0.858,Recipe,0.835,Aluminium foil,0.8182,Fast food,0.8077,Cooking,0.7802,Comfort food,0.7343,Oaxaca cheese,0.7236,Staple food,0.6789,Mozzarella,0.6764,Pizza,0.6736,Pizza cheese,0.6571,0,N/A,"#ac9a76,#ac9d6b,#8a7858",True
IMG_0210.HEIC,Flower,0.9687,Flowering plant,0.8286,Garden,0.7952,Lavender,0.7805,Herbaceous plant,0.7665,English lavender,0.7472,Plant stem,0.7126,French lavender,0.7112,French lavender,0.69,Fernleaf lavender,0.6609,Perennial plant,0.6006,Forb,0.5978,Wildflower,0.5353,Catnips,0.5328,Herb,0.5242,0,N/A,"#0c0e07,#a09d81,#797673",True
IMG_0213.HEIC,Flower,0.9919,Petal,0.9857,Yellow,0.9782,Green,0.9777,Red,0.977,Plants,0.9712,Garden roses,0.9603,Shrub,0.933,Pink,0.9258,Orange,0.8994,Spring,0.8828,Rose family,0.8754,Flowering plant,0.8752,Garden,0.8641,Hybrid tea rose,0.846,0,N/A,"#df2d3e,#e02b26,#a3171c",False
IMG_0220.HEIC,Flower,0.9905,Petal,0.9689,Pink,0.9296,Flowering plant,0.8518,Pollen,0.784,Daisy family,0.7767,Wildflower,0.771,Herbaceous plant,0.7696,Garden,0.7508,Plant stem,0.7416,Garden Cosmos,0.6737,Perennial plant,0.6346,Marguerite daisy,0.6205,Pedicel,0.607,Cosmos,0.6055,0,N/A,"#d9849b,#f5a8bb,#eeb1a4",False
IMG_0187.HEIC,Smile,0.9594,Waist,0.8347,Logo,0.7984,Red carpet,0.5221,Premiere,0.5138,N/A,N/A,N/A,N/A,N/A,N/A,N/A,N/A,N/A,N/A,N/A,N/A,N/A,N/A,N/A,N/A,N/A,N/A,N/A,N/A,2,"joy=VERY_LIKELY,sorrow=VERY_UNLIKELY,anger=VERY_UNLIKELY,surprise=VERY_UNLIKELY; joy=VERY_LIKELY,sorrow=VERY_UNLIKELY,anger=VERY_UNLIKELY,surprise=VERY_UNLIKELY","#15110d,#54554f,#36352f",True
IMG_0541.HEIC,Sleeve,0.9847,Shoe,0.9766,Fashion,0.9635,Leg,0.9567,Tights,0.9409,Knee,0.9179,Waist,0.8677,Bag,0.861,Sneakers,0.8463,Grey,0.8294,Leggings,0.8287,Active Pants,0.821,Luggage & bags,0.8146,Sunglasses,0.6937,Ankle,0.6509,1,"joy=LIKELY,sorrow=VERY_UNLIKELY,anger=VERY_UNLIKELY,surprise=VERY_UNLIKELY","#101215,#343434,#4f5050",True
IMG_0544.HEIC,Shoulder,0.9745,Knee,0.8774,Waist,0.8376,Happiness,0.6737,Stomach,0.6085,N/A,N/A,N/A,N/A,N/A,N/A,N/A,N/A,N/A,N/A,N/A,N/A,N/A,N/A,N/A,N/A,N/A,N/A,N/A,N/A,1,"joy=VERY_LIKELY,sorrow=VERY_UNLIKELY,anger=VERY_UNLIKELY,surprise=VERY_UNLIKELY","#c7bfbb,#a59b94,#a79787",True
IMG_0549.HEIC,Facial expression,0.9448,Tableware,0.9271,Drinkware,0.8637,Happiness,0.8204,Serveware,0.8018,Cup,0.777,Dishware,0.7597,Varnish,0.6511,Plate,0.6225,Food,0.6115,Cup,0.5727,Restaurant,0.5456,Mug,0.511,Coffee cup,0.5024,N/A,N/A,1,"joy=VERY_UNLIKELY,sorrow=VERY_UNLIKELY,anger=VERY_UNLIKELY,surprise=UNLIKELY","#4b222f,#300f19,#c4bbb3",True
IMG_8516.HEIC,Green,0.9772,Hand,0.9709,Finger,0.9691,Thumb,0.894,Nail,0.8772,N/A,N/A,N/A,N/A,N/A,N/A,N/A,N/A,N/A,N/A,N/A,N/A,N/A,N/A,N/A,N/A,N/A,N/A,N/A,N/A,0,N/A,"#3d3230,#5a4e4c,#251a18",False
fb80ad89-cc8c-4d3d-bae3-34c9896e6d9d.jpeg,Eyewear,0.9951,Hair,0.9908,Glasses,0.9861,Eyebrow,0.9855,Lips,0.9848,Happiness,0.9847,Vision Care,0.984,Forehead,0.9821,Smile,0.9777,Black hair,0.9731,Beauty,0.9585,Facial expression,0.9449,Facial hair,0.9442,Fun,0.9329,Friendship,0.926,2,"joy=LIKELY,sorrow=VERY_UNLIKELY,anger=VERY_UNLIKELY,surprise=VERY_UNLIKELY; joy=POSSIBLE,sorrow=VERY_UNLIKELY,anger=VERY_UNLIKELY,surprise=VERY_UNLIKELY","#272e63,#9a9ce1,#0f1846",False
AE63D736-2E00-4C35-A2E0-6BF0745847E7.jpg,Eyewear,0.9959,Glasses,0.9877,Vision Care,0.9861,Eyebrow,0.9857,Forehead,0.9815,Facial hair,0.9804,Beard,0.963,Jaw,0.958,Moustache,0.9194,Selfie,0.8005,Portrait photography,0.5086,N/A,N/A,N/A,N/A,N/A,N/A,N/A,N/A,1,"joy=UNLIKELY,sorrow=VERY_UNLIKELY,anger=VERY_UNLIKELY,surprise=VERY_UNLIKELY","#ac9a84,#cdbda6,#887763",False
1d16ca8f-015b-4f07-8fc2-8410f118bdef.jpg,Cheek,0.9868,Eyebrow,0.986,Lips,0.9848,Forehead,0.9846,Black hair,0.9779,Eyelash,0.975,Jaw,0.9628,Eye,0.949,Facial expression,0.9449,Selfie,0.8796,Close-up,0.8314,Gesture,0.7431,Cosmetics,0.6555,Feathered hair,0.6189,Step cutting,0.6165,1,"joy=VERY_UNLIKELY,sorrow=VERY_UNLIKELY,anger=UNLIKELY,surprise=LIKELY","#121215,#a79d7e,#a3975e",False
IMG_8945.HEIC,Shoulder,0.9734,Shorts,0.9557,Physical fitness,0.9375,Thigh,0.9209,Sportswear,0.9002,Exercise equipment,0.8918,Muscle,0.8757,Wrist,0.8737,Exercise,0.8695,Knee,0.8579,Waist,0.8458,Abdomen,0.8089,Active Shorts,0.7672,Thorax,0.7581,Torso,0.7573,4,"joy=VERY_UNLIKELY,sorrow=VERY_UNLIKELY,anger=VERY_UNLIKELY,surprise=VERY_UNLIKELY; joy=VERY_LIKELY,sorrow=VERY_UNLIKELY,anger=VERY_UNLIKELY,surprise=VERY_UNLIKELY; joy=VERY_LIKELY,sorrow=VERY_UNLIKELY,anger=VERY_UNLIKELY,surprise=VERY_UNLIKELY; joy=LIKELY,sorrow=VERY_UNLIKELY,anger=VERY_UNLIKELY,surprise=VERY_UNLIKELY","#d8ba88,#150e0d,#c0c1c0",True
IMG_0677.HEIC,Eyewear,0.9933,Smile,0.9919,Hair,0.9906,Happiness,0.9863,Glasses,0.9844,Vision Care,0.9806,Nose,0.9773,Mouth,0.9609,Summer,0.9606,Fun,0.9493,Facial expression,0.9449,Sunglasses,0.9327,Vacation,0.9224,Black hair,0.9213,Tooth,0.9071,2,"joy=VERY_LIKELY,sorrow=VERY_UNLIKELY,anger=VERY_UNLIKELY,surprise=VERY_UNLIKELY; joy=VERY_LIKELY,sorrow=VERY_UNLIKELY,anger=VERY_UNLIKELY,surprise=VERY_UNLIKELY","#799acf,#5e7db6,#89a1c5",False
IMG_0127.HEIC,Grass,0.9807,Grasses,0.8726,Lawn,0.8442,Recreation,0.8199,Walking Shoe,0.7966,Calf,0.74,Foot,0.7092,Outdoor Shoe,0.5184,N/A,N/A,N/A,N/A,N/A,N/A,N/A,N/A,N/A,N/A,N/A,N/A,N/A,N/A,0,N/A,"#6a7b32,#4e5e1b,#495073",True
IMG_0125.HEIC,Retail,0.9144,Customer,0.9026,Convenience store,0.8632,Supermarket,0.7944,Grocery store,0.7621,Shelf,0.7255,Shelving,0.7105,Shopping cart,0.6911,Shopping,0.6195,Cart,0.6063,Food,0.5359,Cleanliness,0.5278,Food storage,0.5099,N/A,N/A,N/A,N/A,5,"joy=VERY_UNLIKELY,sorrow=VERY_UNLIKELY,anger=VERY_UNLIKELY,surprise=VERY_UNLIKELY; joy=VERY_UNLIKELY,sorrow=VERY_UNLIKELY,anger=VERY_UNLIKELY,surprise=VERY_UNLIKELY; joy=VERY_UNLIKELY,sorrow=VERY_UNLIKELY,anger=VERY_UNLIKELY,surprise=VERY_UNLIKELY; joy=VERY_UNLIKELY,sorrow=VERY_UNLIKELY,anger=VERY_UNLIKELY,surprise=VERY_UNLIKELY; joy=VERY_UNLIKELY,sorrow=VERY_UNLIKELY,anger=VERY_UNLIKELY,surprise=VERY_UNLIKELY","#7b7973,#99978f,#a2987f",True
IMG_9996.HEIC,Sleeve,0.9851,Shoulder,0.978,Elbow,0.8766,Active Shirt,0.8728,Wrist,0.8682,Waist,0.8569,Facial hair,0.7852,Abdomen,0.7556,Active Shorts,0.7452,Torso,0.7422,Beard,0.6497,Selfie,0.6456,Physical fitness,0.6354,Stomach,0.5252,N/A,N/A,2,"joy=VERY_LIKELY,sorrow=VERY_UNLIKELY,anger=VERY_UNLIKELY,surprise=VERY_UNLIKELY; joy=VERY_UNLIKELY,sorrow=VERY_UNLIKELY,anger=VERY_UNLIKELY,surprise=VERY_UNLIKELY","#d1c6b2,#c8c0b8,#a89d89",True
IMG_8532.HEIC,Eyewear,0.9952,Glasses,0.9868,Smile,0.9856,Vision Care,0.9844,Happiness,0.9836,Facial hair,0.9703,Mouth,0.9561,Beard,0.9489,Facial expression,0.9449,Black hair,0.9434,Tooth,0.9118,Moustache,0.8501,Selfie,0.8365,Pleased,0.7322,Portrait photography,0.704,1,"joy=VERY_LIKELY,sorrow=VERY_UNLIKELY,anger=VERY_UNLIKELY,surprise=VERY_UNLIKELY","#323652,#7b7872,#484b68",False
IMG_6644.jpeg,Fun,0.8822,Leisure,0.76,Night,0.6796,Party,0.6031,Ceremony,0.5358,N/A,N/A,N/A,N/A,N/A,N/A,N/A,N/A,N/A,N/A,N/A,N/A,N/A,N/A,N/A,N/A,N/A,N/A,N/A,N/A,2,"joy=VERY_LIKELY,sorrow=VERY_UNLIKELY,anger=VERY_UNLIKELY,surprise=VERY_UNLIKELY; joy=VERY_LIKELY,sorrow=VERY_UNLIKELY,anger=VERY_UNLIKELY,surprise=VERY_UNLIKELY","#222e69,#454e89,#17307e",False
IMG_8512.HEIC,Smile,0.9846,Happiness,0.9814,Nose,0.975,Mouth,0.9596,Eye,0.9509,Facial expression,0.9449,Headgear,0.9411,Knit cap,0.8766,People in nature,0.8469,Recreation,0.813,Beanie,0.7912,Cap,0.7674,Vacation,0.7547,Wrinkle,0.7452,Selfie,0.7374,1,"joy=VERY_UNLIKELY,sorrow=VERY_UNLIKELY,anger=VERY_UNLIKELY,surprise=VERY_UNLIKELY","#5b543b,#7e775c,#39341e",True
CA6BE7AD-282B-4A80-9949-5B9660D8432D.jpg,Eyewear,0.9957,Glasses,0.9874,Vision Care,0.9858,Fun,0.7857,Selfie,0.7063,Flesh,0.5942,N/A,N/A,N/A,N/A,N/A,N/A,N/A,N/A,N/A,N/A,N/A,N/A,N/A,N/A,N/A,N/A,N/A,N/A,1,"joy=UNLIKELY,sorrow=VERY_UNLIKELY,anger=VERY_UNLIKELY,surprise=VERY_UNLIKELY","#120b14,#1e1226,#3d336e",False
9aa01595-3df6-4957-85a4-01abd68e379a.jpg,Electronic device,0.973,Display device,0.9583,Fan,0.8938,Sports venue,0.855,Crowd,0.8434,Audience,0.8214,Stadium,0.7458,Flat-panel display,0.7368,Logo,0.7334,Multimedia,0.6377,Arena,0.59,LED-backlit LCD,0.5046,N/A,N/A,N/A,N/A,N/A,N/A,20,"joy=VERY_UNLIKELY,sorrow=VERY_UNLIKELY,anger=VERY_UNLIKELY,surprise=VERY_UNLIKELY; joy=VERY_UNLIKELY,sorrow=VERY_UNLIKELY,anger=VERY_UNLIKELY,surprise=VERY_UNLIKELY; joy=POSSIBLE,sorrow=VERY_UNLIKELY,anger=VERY_UNLIKELY,surprise=VERY_UNLIKELY; joy=VERY_UNLIKELY,sorrow=VERY_UNLIKELY,anger=VERY_UNLIKELY,surprise=VERY_UNLIKELY; joy=VERY_UNLIKELY,sorrow=VERY_UNLIKELY,anger=VERY_UNLIKELY,surprise=VERY_UNLIKELY; joy=VERY_UNLIKELY,sorrow=VERY_UNLIKELY,anger=VERY_UNLIKELY,surprise=VERY_UNLIKELY; joy=VERY_UNLIKELY,sorrow=VERY_UNLIKELY,anger=VERY_UNLIKELY,surprise=VERY_UNLIKELY; joy=VERY_UNLIKELY,sorrow=VERY_UNLIKELY,anger=VERY_UNLIKELY,surprise=VERY_UNLIKELY; joy=VERY_UNLIKELY,sorrow=VERY_UNLIKELY,anger=VERY_UNLIKELY,surprise=VERY_UNLIKELY; joy=VERY_UNLIKELY,sorrow=VERY_UNLIKELY,anger=VERY_UNLIKELY,surprise=VERY_UNLIKELY; joy=VERY_UNLIKELY,sorrow=VERY_UNLIKELY,anger=VERY_UNLIKELY,surprise=VERY_UNLIKELY; joy=POSSIBLE,sorrow=VERY_UNLIKELY,anger=VERY_UNLIKELY,surprise=VERY_UNLIKELY; joy=VERY_UNLIKELY,sorrow=VERY_UNLIKELY,anger=VERY_UNLIKELY,surprise=VERY_UNLIKELY; joy=VERY_UNLIKELY,sorrow=VERY_UNLIKELY,anger=VERY_UNLIKELY,surprise=VERY_UNLIKELY; joy=VERY_UNLIKELY,sorrow=VERY_UNLIKELY,anger=VERY_UNLIKELY,surprise=VERY_UNLIKELY; joy=UNLIKELY,sorrow=VERY_UNLIKELY,anger=VERY_UNLIKELY,surprise=VERY_UNLIKELY; joy=VERY_LIKELY,sorrow=VERY_UNLIKELY,anger=VERY_UNLIKELY,surprise=VERY_UNLIKELY; joy=VERY_UNLIKELY,sorrow=VERY_UNLIKELY,anger=VERY_UNLIKELY,surprise=VERY_UNLIKELY; joy=VERY_UNLIKELY,sorrow=VERY_UNLIKELY,anger=VERY_UNLIKELY,surprise=VERY_UNLIKELY; joy=VERY_UNLIKELY,sorrow=VERY_UNLIKELY,anger=VERY_UNLIKELY,surprise=VERY_UNLIKELY","#382c4b,#491f10,#79737a",True
IMG_0223.HEIC,Flower,0.9743,Petal,0.9076,Pink,0.874,Flowering plant,0.8268,Garden,0.8083,Plant stem,0.7337,Gladiolus,0.6634,Perennial plant,0.5835,Geraniums,0.5038,N/A,N/A,N/A,N/A,N/A,N/A,N/A,N/A,N/A,N/A,N/A,N/A,0,N/A,"#a02c1b,#8e311d,#ca4b38",False
f681e093-acb3-4ba1-a0cb-b417b0c85554.jpg,Food,0.995,Ingredient,0.9617,Tableware,0.9365,Rice,0.9158,Staple food,0.8546,Mixture,0.8535,Recipe,0.8529,Cooked rice,0.8301,Cooking,0.8099,Dishware,0.7954,Lunch,0.7574,Vegetable,0.7558,Meat,0.7556,Jasmine rice,0.7179,Produce,0.713,0,N/A,"#8e753f,#b2945e,#6b5421",True
IMG_8485.HEIC,Paper,0.9383,Paper Product,0.9263,Bulletin board,0.8056,Display board,0.7809,Poster,0.7535,Newsprint,0.7075,Collection,0.6606,Handwriting,0.6362,Newspaper,0.5741,Writing,0.5401,Label,0.5358,Publication,0.5229,Post-it Note,0.5173,N/A,N/A,N/A,N/A,1,"joy=VERY_UNLIKELY,sorrow=VERY_UNLIKELY,anger=VERY_UNLIKELY,surprise=VERY_UNLIKELY","#c5c5c5,#9c9a98,#7b7874",True
530BDA05-501E-4C54-AA6C-FFA55DF39503.jpg,Chin,0.9886,Cheek,0.9869,Eyebrow,0.9859,Facial hair,0.9837,Forehead,0.982,Face,0.9808,Nose,0.9775,Beard,0.9724,Jaw,0.9711,Black hair,0.9616,Mouth,0.9616,Eye,0.9592,Neck,0.957,Facial expression,0.9449,Eyelash,0.9264,1,"joy=VERY_LIKELY,sorrow=VERY_UNLIKELY,anger=VERY_UNLIKELY,surprise=VERY_UNLIKELY","#35322f,#1d1816,#4c3024",False
IMG_0212.HEIC,Plant stem,0.7538,Herbaceous plant,0.7129,Agriculture,0.6016,Perennial plant,0.5731,Legumes,0.5504,Nightshade,0.5187,Herb,0.5167,N/A,N/A,N/A,N/A,N/A,N/A,N/A,N/A,N/A,N/A,N/A,N/A,N/A,N/A,N/A,N/A,0,N/A,"#b7c77f,#95a362,#b9cc68",False
IMG_1388.jpeg,Smile,0.9911,Eyewear,0.9847,Glasses,0.9781,Happiness,0.9779,Vision Care,0.9634,Facial expression,0.9449,Drinkware,0.8185,Kitchen Appliance,0.7394,Countertop,0.6878,Kitchen,0.6668,Barware,0.5812,Laughter,0.5335,Food,0.5294,N/A,N/A,N/A,N/A,2,"joy=VERY_LIKELY,sorrow=VERY_UNLIKELY,anger=VERY_UNLIKELY,surprise=VERY_UNLIKELY; joy=VERY_LIKELY,sorrow=VERY_UNLIKELY,anger=VERY_UNLIKELY,surprise=VERY_UNLIKELY","#c9bba7,#c7bfb7,#120d10",False
d23be71b-f54e-4ab3-8347-81d2df84540d.jpg,Smile,0.9883,Eyewear,0.9839,Glasses,0.9784,Vision Care,0.9714,Happiness,0.9684,T-shirt,0.9649,Facial expression,0.9449,Social group,0.9397,Youth,0.9337,Crowd,0.8917,Fun,0.8753,Friendship,0.8662,Leisure,0.8563,Thumb,0.7721,Cap,0.7655,7,"joy=VERY_UNLIKELY,sorrow=VERY_UNLIKELY,anger=VERY_UNLIKELY,surprise=VERY_UNLIKELY; joy=VERY_UNLIKELY,sorrow=VERY_UNLIKELY,anger=VERY_UNLIKELY,surprise=VERY_UNLIKELY; joy=VERY_LIKELY,sorrow=VERY_UNLIKELY,anger=VERY_UNLIKELY,surprise=VERY_UNLIKELY; joy=VERY_UNLIKELY,sorrow=VERY_UNLIKELY,anger=VERY_UNLIKELY,surprise=VERY_UNLIKELY; joy=VERY_LIKELY,sorrow=VERY_UNLIKELY,anger=VERY_UNLIKELY,surprise=VERY_UNLIKELY; joy=VERY_LIKELY,sorrow=VERY_UNLIKELY,anger=VERY_UNLIKELY,surprise=VERY_UNLIKELY; joy=VERY_UNLIKELY,sorrow=VERY_UNLIKELY,anger=VERY_UNLIKELY,surprise=VERY_UNLIKELY","#383336,#181314,#554f52",True
IMG_8472.HEIC,Smile,0.9856,Happiness,0.9782,Facial expression,0.9449,Laughter,0.6154,Vacation,0.6061,Sunglasses,0.5356,Selfie,0.5044,N/A,N/A,N/A,N/A,N/A,N/A,N/A,N/A,N/A,N/A,N/A,N/A,N/A,N/A,N/A,N/A,4,"joy=VERY_UNLIKELY,sorrow=VERY_UNLIKELY,anger=VERY_UNLIKELY,surprise=VERY_UNLIKELY; joy=LIKELY,sorrow=VERY_UNLIKELY,anger=VERY_UNLIKELY,surprise=VERY_UNLIKELY; joy=VERY_LIKELY,sorrow=VERY_UNLIKELY,anger=VERY_UNLIKELY,surprise=VERY_UNLIKELY; joy=VERY_LIKELY,sorrow=VERY_UNLIKELY,anger=VERY_UNLIKELY,surprise=VERY_UNLIKELY","#c2c2be,#9c9b9a,#373231",True
IMG_6319.jpeg,Food,0.995,Ingredient,0.9748,Bread,0.9198,Tableware,0.912,Finger food,0.9022,Breakfast,0.8598,Fast food,0.8577,Recipe,0.8248,Dishware,0.8041,Staple food,0.7883,Sliced bread,0.7726,Plate,0.7508,Rye bread,0.7397,Dessert,0.705,Kitchen utensil,0.6956,0,N/A,"#4a2b1d,#6c4a3b,#33170d",True
50638ea5-f11f-4542-9e78-abc7b4c454a1.jpg,Electronic device,0.9875,Gadget,0.9818,Communication Device,0.9743,Mobile phone,0.9712,Telephony,0.968,Display device,0.9652,Portable communications device,0.9412,Mobile device,0.939,Technology,0.8883,Smartphone,0.8877,Multimedia,0.8625,Telephone,0.8594,Cameras & optics,0.7764,Thumb,0.7742,Flat-panel display,0.7423,9,"joy=POSSIBLE,sorrow=VERY_UNLIKELY,anger=VERY_UNLIKELY,surprise=VERY_UNLIKELY; joy=VERY_UNLIKELY,sorrow=VERY_UNLIKELY,anger=VERY_UNLIKELY,surprise=VERY_UNLIKELY; joy=VERY_UNLIKELY,sorrow=VERY_UNLIKELY,anger=VERY_UNLIKELY,surprise=VERY_UNLIKELY; joy=VERY_UNLIKELY,sorrow=VERY_UNLIKELY,anger=VERY_UNLIKELY,surprise=VERY_UNLIKELY; joy=VERY_LIKELY,sorrow=VERY_UNLIKELY,anger=VERY_UNLIKELY,surprise=VERY_UNLIKELY; joy=VERY_UNLIKELY,sorrow=VERY_UNLIKELY,anger=VERY_UNLIKELY,surprise=VERY_UNLIKELY; joy=VERY_UNLIKELY,sorrow=VERY_UNLIKELY,anger=VERY_UNLIKELY,surprise=VERY_UNLIKELY; joy=VERY_UNLIKELY,sorrow=VERY_UNLIKELY,anger=VERY_UNLIKELY,surprise=VERY_UNLIKELY; joy=VERY_UNLIKELY,sorrow=VERY_UNLIKELY,anger=VERY_UNLIKELY,surprise=VERY_UNLIKELY","#0f0b0f,#502f16,#65421d",True
IMG_0128.HEIC,Smile,0.9902,Happiness,0.9863,Eyewear,0.98,Facial expression,0.9449,Black hair,0.9297,Friendship,0.8901,Fun,0.8872,Love,0.8463,Leisure,0.8372,Sunglasses,0.8099,Vacation,0.8003,Selfie,0.7764,Goggles,0.7603,Travel,0.7321,Laughter,0.7169,3,"joy=VERY_UNLIKELY,sorrow=VERY_UNLIKELY,anger=VERY_UNLIKELY,surprise=VERY_UNLIKELY; joy=VERY_LIKELY,sorrow=VERY_UNLIKELY,anger=VERY_UNLIKELY,surprise=VERY_UNLIKELY; joy=LIKELY,sorrow=VERY_UNLIKELY,anger=VERY_UNLIKELY,surprise=VERY_UNLIKELY","#5577b7,#496bb0,#3e5d97",True
IMG_6643.jpeg,Fun,0.8943,Entertainment,0.8115,Leisure,0.7775,Party,0.7028,Night,0.6349,Ceremony,0.6107,Happiness,0.5724,N/A,N/A,N/A,N/A,N/A,N/A,N/A,N/A,N/A,N/A,N/A,N/A,N/A,N/A,N/A,N/A,1,"joy=VERY_LIKELY,sorrow=VERY_UNLIKELY,anger=VERY_UNLIKELY,surprise=VERY_UNLIKELY","#24316a,#404d8a,#2a499a",True
IMG_0538.HEIC,Shoe,0.9714,Fashion,0.9567,Tights,0.8977,Knee,0.8717,Pedestrian,0.8632,Waist,0.8415,Sneakers,0.8201,Leggings,0.8094,Active Pants,0.8059,High-rise building,0.6887,Sweatpants,0.6021,Spandex,0.5809,Tartan,0.5711,Plaid,0.5649,Sunglasses,0.5582,1,"joy=VERY_LIKELY,sorrow=VERY_UNLIKELY,anger=VERY_UNLIKELY,surprise=VERY_UNLIKELY","#14161c,#313234,#111725",True
IMG_8465.HEIC,Food,0.9532,Table,0.909,Sunglasses,0.8235,Leisure,0.7863,Goggles,0.7644,Cap,0.7558,Chair,0.7423,Fast food,0.7328,Eating,0.7253,Plate,0.7234,Dishware,0.6912,Finger food,0.6838,Vacation,0.6739,Lunch,0.663,Breakfast,0.6343,3,"joy=VERY_LIKELY,sorrow=VERY_UNLIKELY,anger=VERY_UNLIKELY,surprise=VERY_UNLIKELY; joy=VERY_UNLIKELY,sorrow=VERY_UNLIKELY,anger=VERY_UNLIKELY,surprise=VERY_UNLIKELY; joy=VERY_UNLIKELY,sorrow=VERY_UNLIKELY,anger=VERY_UNLIKELY,surprise=VERY_UNLIKELY","#5378b2,#a29881,#6a92c9",True
IMG_0221.HEIC,Flower,0.9916,Yellow,0.9802,Petal,0.9791,Pink,0.9045,Garden,0.8903,Flowering plant,0.8536,Purple,0.8102,Herbaceous plant,0.7833,Plant stem,0.7338,Daisy family,0.7278,Forb,0.7063,Wildflower,0.6969,Pedicel,0.6341,Perennial plant,0.6317,Floristry,0.6101,0,N/A,"#92a259,#707f39,#98a643",False
91a0b73d-be06-41bf-b7bb-8cda98c1fd15.jpg,Gadget,0.9905,Electronic device,0.9903,Communication Device,0.9874,Portable communications device,0.9792,Mobile phone,0.9781,Telephony,0.9745,Hand,0.9742,Mobile device,0.9699,Finger,0.9691,Cameras & optics,0.9662,Display device,0.9653,Smartphone,0.9369,Camera,0.9274,Technology,0.8954,Wrist,0.8883,7,"joy=VERY_UNLIKELY,sorrow=VERY_UNLIKELY,anger=VERY_UNLIKELY,surprise=VERY_UNLIKELY; joy=VERY_UNLIKELY,sorrow=VERY_UNLIKELY,anger=VERY_UNLIKELY,surprise=VERY_UNLIKELY; joy=LIKELY,sorrow=VERY_UNLIKELY,anger=VERY_UNLIKELY,surprise=VERY_UNLIKELY; joy=VERY_UNLIKELY,sorrow=VERY_UNLIKELY,anger=VERY_UNLIKELY,surprise=VERY_UNLIKELY; joy=LIKELY,sorrow=VERY_UNLIKELY,anger=VERY_UNLIKELY,surprise=VERY_UNLIKELY; joy=VERY_UNLIKELY,sorrow=VERY_UNLIKELY,anger=VERY_UNLIKELY,surprise=VERY_UNLIKELY; joy=VERY_UNLIKELY,sorrow=VERY_UNLIKELY,anger=VERY_UNLIKELY,surprise=VERY_UNLIKELY","#0e0a0c,#5a3717,#63492b",True
IMG_0103.HEIC,Room,0.8228,Nightwear,0.7422,Pajamas,0.6858,Cabinetry,0.6111,Cleanliness,0.5937,Kitchen Appliance,0.5856,Happiness,0.5586,Home appliance,0.5196,Countertop,0.5114,Balance,0.5013,N/A,N/A,N/A,N/A,N/A,N/A,N/A,N/A,N/A,N/A,1,"joy=VERY_LIKELY,sorrow=VERY_UNLIKELY,anger=VERY_UNLIKELY,surprise=VERY_UNLIKELY","#ac9f8a,#cdc2b0,#d1c9bd",True
IMG_0306.HEIC,Advertising,0.7214,Graphic design,0.5323,N/A,N/A,N/A,N/A,N/A,N/A,N/A,N/A,N/A,N/A,N/A,N/A,N/A,N/A,N/A,N/A,N/A,N/A,N/A,N/A,N/A,N/A,N/A,N/A,N/A,N/A,2,"joy=VERY_LIKELY,sorrow=VERY_UNLIKELY,anger=VERY_UNLIKELY,surprise=VERY_UNLIKELY; joy=VERY_LIKELY,sorrow=VERY_UNLIKELY,anger=VERY_UNLIKELY,surprise=VERY_UNLIKELY","#a36193,#946e7a,#8a6e92",True
IMG_0305.HEIC,Advertising,0.7798,Display device,0.6614,Graphic design,0.6105,Multimedia,0.5823,N/A,N/A,N/A,N/A,N/A,N/A,N/A,N/A,N/A,N/A,N/A,N/A,N/A,N/A,N/A,N/A,N/A,N/A,N/A,N/A,N/A,N/A,2,"joy=VERY_LIKELY,sorrow=VERY_UNLIKELY,anger=VERY_UNLIKELY,surprise=VERY_UNLIKELY; joy=VERY_LIKELY,sorrow=VERY_UNLIKELY,anger=VERY_UNLIKELY,surprise=VERY_UNLIKELY","#926d7a,#9e6092,#8a6d8f",True
3CC08B6C-9FD3-46BA-9989-70E0CE06C7C1.jpg,Eyewear,0.99,Glasses,0.9789,Vision Care,0.9768,Fun,0.8079,N/A,N/A,N/A,N/A,N/A,N/A,N/A,N/A,N/A,N/A,N/A,N/A,N/A,N/A,N/A,N/A,N/A,N/A,N/A,N/A,N/A,N/A,1,"joy=LIKELY,sorrow=VERY_UNLIKELY,anger=VERY_UNLIKELY,surprise=VERY_UNLIKELY","#140d15,#332a63,#2d247a",False
IMG_0217.HEIC,Flower,0.983,Plants,0.9687,Shrub,0.9483,Garden,0.9403,Plant community,0.9021,Groundcover,0.8918,Spring,0.8314,Purple,0.8256,Yard,0.7904,Landscaping,0.7719,Herbaceous plant,0.7418,Backyard,0.7099,Botanical garden,0.6294,Perennial plant,0.6189,Herb,0.5943,0,N/A,"#6e7b3b,#4e5c1d,#79775c",False
IMG_0219.HEIC,Red,0.9776,Pink,0.8898,Fuchsia,0.5984,Bellflower family,0.52,Wildflower,0.5154,Evening primroses,0.5069,Lobelias,0.5014,N/A,N/A,N/A,N/A,N/A,N/A,N/A,N/A,N/A,N/A,N/A,N/A,N/A,N/A,N/A,N/A,0,N/A,"#94a25e,#ca4a5c,#707d3d",False
IMG_8480.HEIC,Advertising,0.7774,Sign,0.5314,N/A,N/A,N/A,N/A,N/A,N/A,N/A,N/A,N/A,N/A,N/A,N/A,N/A,N/A,N/A,N/A,N/A,N/A,N/A,N/A,N/A,N/A,N/A,N/A,N/A,N/A,0,N/A,"#d2b37b,#ba9e68,#c99567",True
IMG_0545.HEIC,Foil,0.9858,Aluminium foil,0.9809,Food,0.8608,Take-out,0.6332,Fast food,0.6283,Comfort food,0.6102,Recipe,0.6101,Staple food,0.5806,Finger food,0.535,Packaging and labeling,0.5095,Junk food,0.5074,N/A,N/A,N/A,N/A,N/A,N/A,N/A,N/A,0,N/A,"#dee3e8,#c4c8ca,#ad9c87",True
d00e6660-6f39-4e42-9180-bfe9a7948039.jpeg,Bag,0.9414,Youth,0.9386,Smile,0.9348,Luggage & bags,0.91,Fun,0.8284,Fashion design,0.7839,Handbag,0.762,Happiness,0.7435,Backpack,0.6656,Design,0.6651,Boot,0.6225,N/A,N/A,N/A,N/A,N/A,N/A,N/A,N/A,9,"joy=VERY_LIKELY,sorrow=VERY_UNLIKELY,anger=VERY_UNLIKELY,surprise=VERY_UNLIKELY; joy=VERY_LIKELY,sorrow=VERY_UNLIKELY,anger=VERY_UNLIKELY,surprise=VERY_UNLIKELY; joy=VERY_UNLIKELY,sorrow=VERY_UNLIKELY,anger=VERY_UNLIKELY,surprise=VERY_UNLIKELY; joy=LIKELY,sorrow=VERY_UNLIKELY,anger=VERY_UNLIKELY,surprise=VERY_UNLIKELY; joy=VERY_LIKELY,sorrow=VERY_UNLIKELY,anger=VERY_UNLIKELY,surprise=VERY_UNLIKELY; joy=VERY_UNLIKELY,sorrow=VERY_UNLIKELY,anger=VERY_UNLIKELY,surprise=VERY_UNLIKELY; joy=POSSIBLE,sorrow=VERY_UNLIKELY,anger=VERY_UNLIKELY,surprise=VERY_UNLIKELY; joy=VERY_UNLIKELY,sorrow=VERY_UNLIKELY,anger=VERY_UNLIKELY,surprise=VERY_UNLIKELY; joy=VERY_UNLIKELY,sorrow=VERY_UNLIKELY,anger=VERY_UNLIKELY,surprise=VERY_UNLIKELY","#8174db,#8c80e9,#7d72b8",True
IMG_0547.HEIC,Cake,0.9616,Food,0.9601,Dessert,0.9054,Smile,0.8833,Baking,0.8424,Ingredient,0.8361,Bakery,0.8146,Customer,0.8127,Retail,0.7723,Pastry,0.7631,Fast food,0.6573,Icing,0.6457,Cooking,0.635,Comfort food,0.6196,Recipe,0.6186,2,"joy=VERY_LIKELY,sorrow=VERY_UNLIKELY,anger=VERY_UNLIKELY,surprise=VERY_UNLIKELY; joy=VERY_UNLIKELY,sorrow=VERY_UNLIKELY,anger=VERY_UNLIKELY,surprise=VERY_UNLIKELY","#cabfa5,#a99b82,#aac4a4",True
IMG_0304.HEIC,Advertising,0.8308,Graphic design,0.5838,N/A,N/A,N/A,N/A,N/A,N/A,N/A,N/A,N/A,N/A,N/A,N/A,N/A,N/A,N/A,N/A,N/A,N/A,N/A,N/A,N/A,N/A,N/A,N/A,N/A,N/A,2,"joy=VERY_LIKELY,sorrow=VERY_UNLIKELY,anger=VERY_UNLIKELY,surprise=VERY_UNLIKELY; joy=VERY_LIKELY,sorrow=VERY_UNLIKELY,anger=VERY_UNLIKELY,surprise=VERY_UNLIKELY","#8b6b76,#886d91,#181110",True
IMG_0104.HEIC,Sleeve,0.9847,Eyewear,0.9832,Smile,0.9783,Vision Care,0.9638,Happiness,0.9624,Facial expression,0.9449,Tooth,0.8985,Selfie,0.5715,N/A,N/A,N/A,N/A,N/A,N/A,N/A,N/A,N/A,N/A,N/A,N/A,N/A,N/A,2,"joy=POSSIBLE,sorrow=VERY_UNLIKELY,anger=VERY_UNLIKELY,surprise=VERY_UNLIKELY; joy=VERY_LIKELY,sorrow=VERY_UNLIKELY,anger=VERY_UNLIKELY,surprise=VERY_UNLIKELY","#aea084,#15182e,#c9bda1",True
IMG_8481.HEIC,Food,0.9858,Tableware,0.9792,Dishware,0.962,Ingredient,0.9583,Serveware,0.9542,Plate,0.9199,Kitchen utensil,0.8421,Cutlery,0.8377,Porcelain,0.7963,Dairy product,0.7823,Recipe,0.7546,Comfort food,0.7486,Platter,0.7255,Spoon,0.7153,Breakfast,0.7145,0,N/A,"#d3bd9b,#d8be8c,#b19d7f",True
IMG_0226.HEIC,Flower,0.9746,Petal,0.9599,Yellow,0.9545,Pedicel,0.7337,Wildflower,0.7182,Herbaceous plant,0.7018,Daisy family,0.6863,Pollen,0.6772,Forb,0.5888,Perennial plant,0.5622,N/A,N/A,N/A,N/A,N/A,N/A,N/A,N/A,N/A,N/A,0,N/A,"#a22704,#983d03,#ed8519",False
IMG_8903.HEIC,Eyewear,0.9944,Smile,0.9864,Happiness,0.9859,Glasses,0.9853,Vision Care,0.9817,Temple,0.9587,Facial expression,0.9449,Black hair,0.9347,Summer,0.9333,Fun,0.8998,Vacation,0.8692,People in nature,0.8669,Leisure,0.8658,Friendship,0.8629,Love,0.8531,2,"joy=VERY_LIKELY,sorrow=VERY_UNLIKELY,anger=VERY_UNLIKELY,surprise=VERY_UNLIKELY; joy=POSSIBLE,sorrow=VERY_UNLIKELY,anger=VERY_UNLIKELY,surprise=VERY_UNLIKELY","#b0c3df,#8ea2c3,#db8aab",False
IMG_0681.HEIC,Eyewear,0.9863,Smile,0.9863,Happiness,0.9844,Vision Care,0.9682,Textile,0.9472,Facial expression,0.9449,Black hair,0.9248,Comfort,0.8796,Friendship,0.861,Fun,0.8326,Love,0.7585,Living room,0.7173,Selfie,0.6737,Pillow,0.579,Laughter,0.5373,2,"joy=VERY_LIKELY,sorrow=VERY_UNLIKELY,anger=VERY_UNLIKELY,surprise=VERY_UNLIKELY; joy=VERY_LIKELY,sorrow=VERY_UNLIKELY,anger=VERY_UNLIKELY,surprise=VERY_UNLIKELY","#c9c5bf,#af9a84,#d1bea6",True
IMG_8490.HEIC,Shade,0.6893,N/A,N/A,N/A,N/A,N/A,N/A,N/A,N/A,N/A,N/A,N/A,N/A,N/A,N/A,N/A,N/A,N/A,N/A,N/A,N/A,N/A,N/A,N/A,N/A,N/A,N/A,N/A,N/A,0,N/A,"#50857e,#5da3ad,#3f8793",True
IMG_6335.jpeg,Food,0.9335,Ingredient,0.9083,Packaging and labeling,0.8877,Finger food,0.8425,Produce,0.7889,Advertising,0.7441,Logo,0.7316,Junk food,0.665,Recipe,0.6344,Label,0.5936,Vegetarian cuisine,0.5846,Superfood,0.5774,Box,0.5617,Cookies and Crackers,0.5457,Comfort food,0.5252,0,N/A,"#ccced2,#dadee0,#ba9b60",True
IMG_0230.HEIC,Flower,0.9876,Petal,0.9557,Pink,0.9158,Purple,0.8731,Flowering plant,0.8345,Pollen,0.8046,Wildflower,0.7894,Herbaceous plant,0.7593,Plant stem,0.7291,Cosmos,0.6959,Garden Cosmos,0.6922,Pedicel,0.6475,Daisy family,0.6291,Perennial plant,0.6094,Geraniaceae,0.5614,0,N/A,"#6f7e3e,#91a060,#4e5c21",False
IMG_8536.HEIC,Leaf,0.9708,Plant pathology,0.8551,Natural material,0.6908,N/A,N/A,N/A,N/A,N/A,N/A,N/A,N/A,N/A,N/A,N/A,N/A,N/A,N/A,N/A,N/A,N/A,N/A,N/A,N/A,N/A,N/A,N/A,N/A,0,N/A,"#5c5339,#5d4e4b,#423430",False
IMG_0227.HEIC,Fruit tree,0.9755,Citrus,0.9352,Fruit,0.9115,Produce,0.8847,Rangpur,0.837,Bitter orange,0.8011,Mandarin orange,0.7302,Orange,0.7267,Plant stem,0.7183,Clementine,0.7178,Valencia orange,0.6855,Calamondin,0.6568,Plantation,0.6228,Food,0.6026,Natural foods,0.6025,0,N/A,"#283412,#4b5918,#303115",False
IMG_8507.HEIC,Wood,0.9697,Forest,0.9242,Trunk,0.9062,Jungle,0.8453,Coast redwood,0.8405,Old-growth forest,0.8283,Woody plant,0.809,Woodland,0.804,Northern hardwood forest,0.7764,Valdivian temperate rain forest,0.7574,Rainforest,0.7516,Temperate broadleaf and mixed forest,0.7472,Grove,0.7204,Tropical and subtropical coniferous forests,0.6958,Giant sequoia,0.6874,0,N/A,"#131528,#1e1821,#312c32",False
IMG_6645.jpeg,Smile,0.9571,Happiness,0.9517,Formal wear,0.9473,Event,0.9365,Fun,0.9197,Dress,0.8935,Party,0.7753,Love,0.7724,Ceremony,0.7719,One-piece garment,0.6202,Night,0.5659,N/A,N/A,N/A,N/A,N/A,N/A,N/A,N/A,2,"joy=LIKELY,sorrow=VERY_UNLIKELY,anger=VERY_UNLIKELY,surprise=VERY_UNLIKELY; joy=VERY_LIKELY,sorrow=VERY_UNLIKELY,anger=VERY_UNLIKELY,surprise=VERY_UNLIKELY","#1c306c,#14327e,#3c4d8c",False
IMG_0682.HEIC,Dog,0.9955,Pug,0.9772,Working animal,0.9318,Snout,0.9249,Carnivores,0.921,Fur,0.7972,Canidae,0.7885,Wrinkle,0.7496,Toy dog,0.7,N/A,N/A,N/A,N/A,N/A,N/A,N/A,N/A,N/A,N/A,N/A,N/A,0,N/A,"#af9c84,#88765f,#c7b59c",False
IMG_0678.HEIC,Dog,0.9436,Furniture,0.9276,Chair,0.8731,Outdoor furniture,0.8459,Outdoor Table,0.8377,Leisure,0.8106,Patio,0.6975,Vacation,0.6475,Canidae,0.6401,Deck,0.6103,Umbrella,0.5899,Fence,0.5507,Coffee table,0.5398,N/A,N/A,N/A,N/A,4,"joy=VERY_LIKELY,sorrow=VERY_UNLIKELY,anger=VERY_UNLIKELY,surprise=VERY_UNLIKELY; joy=VERY_LIKELY,sorrow=VERY_UNLIKELY,anger=VERY_UNLIKELY,surprise=VERY_UNLIKELY; joy=VERY_UNLIKELY,sorrow=VERY_UNLIKELY,anger=VERY_UNLIKELY,surprise=VERY_UNLIKELY; joy=VERY_LIKELY,sorrow=VERY_UNLIKELY,anger=VERY_UNLIKELY,surprise=VERY_UNLIKELY","#acc8ed,#353438,#9dbaeb",True
IMG_0228.HEIC,Flower,0.9836,Petal,0.8684,Groundcover,0.8435,Wildflower,0.7898,Herbaceous plant,0.7785,Perennial plant,0.6198,Herb,0.5706,Forb,0.5168,Pollen,0.5156,Lobelias,0.511,Bellflowers,0.5087,Dicotyledon,0.5078,Bellflower family,0.5049,N/A,N/A,N/A,N/A,0,N/A,"#7a7854,#7b7842,#5a5835",False
IMG_0303.HEIC,Advertising,0.8251,Graphic design,0.5968,N/A,N/A,N/A,N/A,N/A,N/A,N/A,N/A,N/A,N/A,N/A,N/A,N/A,N/A,N/A,N/A,N/A,N/A,N/A,N/A,N/A,N/A,N/A,N/A,N/A,N/A,2,"joy=VERY_LIKELY,sorrow=VERY_UNLIKELY,anger=VERY_UNLIKELY,surprise=VERY_UNLIKELY; joy=VERY_LIKELY,sorrow=VERY_UNLIKELY,anger=VERY_UNLIKELY,surprise=VERY_UNLIKELY","#8e6d77,#856b90,#cd2f96",True
IMG_8542.HEIC,Wood,0.9675,Furniture,0.9058,Composite material,0.8777,Outdoor furniture,0.7959,Hardwood,0.7717,Concrete,0.7328,Chair,0.7316,Natural material,0.7298,Plank,0.7247,Shade,0.7136,Outdoor Table,0.6775,Shadow,0.5444,Bench,0.5258,N/A,N/A,N/A,N/A,0,N/A,"#eae4ce,#cec5ae,#0f0e12",True
IMG_8484.HEIC,Mural,0.8219,Graffiti,0.7999,Street art,0.7564,Paint,0.6283,N/A,N/A,N/A,N/A,N/A,N/A,N/A,N/A,N/A,N/A,N/A,N/A,N/A,N/A,N/A,N/A,N/A,N/A,N/A,N/A,N/A,N/A,1,"joy=VERY_LIKELY,sorrow=VERY_UNLIKELY,anger=VERY_UNLIKELY,surprise=VERY_UNLIKELY","#4a5559,#32393c,#89c3de",False
IMG_8492.HEIC,N/A,N/A,N/A,N/A,N/A,N/A,N/A,N/A,N/A,N/A,N/A,N/A,N/A,N/A,N/A,N/A,N/A,N/A,N/A,N/A,N/A,N/A,N/A,N/A,N/A,N/A,N/A,N/A,N/A,N/A,1,"joy=VERY_LIKELY,sorrow=VERY_UNLIKELY,anger=VERY_UNLIKELY,surprise=VERY_UNLIKELY","#c64653,#3b3330,#89383e",True
IMG_8539.HEIC,Wood,0.9678,Forest,0.9253,Trunk,0.9067,Coast redwood,0.9044,Recreation,0.8987,Woodland,0.8849,Old-growth forest,0.8812,Jungle,0.8622,Grove,0.8426,People in nature,0.8298,Woody plant,0.8247,Nature reserve,0.8189,Northern hardwood forest,0.8091,Rainforest,0.8005,Valdivian temperate rain forest,0.7998,0,N/A,"#565641,#55534c,#393630",True
IMG_6321.jpeg,Food,0.9884,Tableware,0.9545,Ingredient,0.8745,Plate,0.8489,Meat,0.828,Dishware,0.8215,Cooking,0.8212,Recipe,0.7936,Comfort food,0.7897,Serveware,0.724,Fast food,0.7133,Food craving,0.7004,Chair,0.6866,Lunch,0.6861,Eating,0.6428,1,"joy=VERY_LIKELY,sorrow=VERY_UNLIKELY,anger=VERY_UNLIKELY,surprise=VERY_UNLIKELY","#c7c4be,#353438,#d4c2a6",True
IMG_0546.HEIC,Smile,0.9861,Happiness,0.9741,Facial expression,0.9449,Luggage & bags,0.836,Bag,0.8035,Leisure,0.8006,Travel,0.7625,Fun,0.7563,Vacation,0.705,Backpack,0.6114,Handbag,0.5566,N/A,N/A,N/A,N/A,N/A,N/A,N/A,N/A,2,"joy=VERY_LIKELY,sorrow=VERY_UNLIKELY,anger=VERY_UNLIKELY,surprise=VERY_UNLIKELY; joy=VERY_LIKELY,sorrow=VERY_UNLIKELY,anger=VERY_UNLIKELY,surprise=VERY_UNLIKELY","#cfc5a2,#5d7a98,#b0c091",True
IMG_0046.HEIC,Eyewear,0.9893,Glasses,0.9736,Happiness,0.972,Vision Care,0.9713,Smile,0.9686,Facial expression,0.9449,Black hair,0.9411,Selfie,0.799,N/A,N/A,N/A,N/A,N/A,N/A,N/A,N/A,N/A,N/A,N/A,N/A,N/A,N/A,2,"joy=VERY_LIKELY,sorrow=VERY_UNLIKELY,anger=VERY_UNLIKELY,surprise=VERY_UNLIKELY; joy=POSSIBLE,sorrow=VERY_UNLIKELY,anger=VERY_UNLIKELY,surprise=VERY_UNLIKELY","#d2c2a5,#383031,#cbc8c2",True
IMG_0542.HEIC,Sleeve,0.9845,Shoe,0.971,Fashion,0.963,Tights,0.9132,Knee,0.8704,Waist,0.859,Active Pants,0.826,Bag,0.8214,Leggings,0.8046,Sunglasses,0.7409,Sweatpants,0.6317,High-rise building,0.5602,Tartan,0.5469,Boot,0.5355,Scarf,0.5317,1,"joy=VERY_LIKELY,sorrow=VERY_UNLIKELY,anger=VERY_UNLIKELY,surprise=VERY_UNLIKELY","#0f1114,#323233,#545453",True
IMG_0536.HEIC,Eyewear,0.9958,Glasses,0.9876,Vision Care,0.9859,Head,0.9856,Shoulder,0.9775,Facial hair,0.9598,Mouth,0.9566,Black hair,0.9495,Facial expression,0.9448,Beard,0.9219,Smile,0.8924,Wrist,0.8868,Elbow,0.8868,Happiness,0.861,Muscle,0.8555,1,"joy=LIKELY,sorrow=VERY_UNLIKELY,anger=VERY_UNLIKELY,surprise=VERY_UNLIKELY","#37302f,#1b1616,#9c9d94",True
IMG_0308.HEIC,Display device,0.7651,Advertising,0.7306,Design,0.6658,Multimedia,0.6477,Graphics,0.573,Graphic design,0.5442,N/A,N/A,N/A,N/A,N/A,N/A,N/A,N/A,N/A,N/A,N/A,N/A,N/A,N/A,N/A,N/A,N/A,N/A,2,"joy=VERY_LIKELY,sorrow=VERY_UNLIKELY,anger=VERY_UNLIKELY,surprise=VERY_UNLIKELY; joy=VERY_LIKELY,sorrow=VERY_UNLIKELY,anger=VERY_UNLIKELY,surprise=VERY_UNLIKELY","#7771b5,#8263cd,#9491d6",True
IMG_8541.HEIC,Land vehicle,0.9884,Vehicle,0.9864,Car,0.9794,Automotive Carrying Rack,0.9748,Motor vehicle,0.9737,Automotive Exterior,0.9677,Railing,0.9078,Automotive Luggage Rack,0.8589,Automotive Mirror,0.8488,Bumper,0.8342,Sport utility vehicle,0.8304,Automotive Tail & Brake Light,0.8087,Windshield,0.7969,Vehicle registration plate,0.7966,Travel,0.7715,0,N/A,"#535851,#70756b,#777f6a",True
IMG_0170.HEIC,Eyewear,0.9868,Vision Care,0.963,Fashion,0.9505,Bag,0.8969,Sunglasses,0.8795,Luggage & bags,0.8715,Goggles,0.8074,Handbag,0.5917,Palm trees,0.5719,Active Pants,0.5633,N/A,N/A,N/A,N/A,N/A,N/A,N/A,N/A,N/A,N/A,1,"joy=VERY_LIKELY,sorrow=VERY_UNLIKELY,anger=VERY_UNLIKELY,surprise=VERY_UNLIKELY","#a49978,#9a9892,#7d7b75",True
IMG_8510.HEIC,Water resources,0.9877,Water,0.9845,Body of water,0.9796,Nature,0.977,Natural environment,0.9749,Watercourse,0.9674,Vegetation,0.9609,Bank,0.9553,Waterway,0.9415,Wilderness,0.9248,Riparian zone,0.9219,Forest,0.9121,Fluvial landforms of streams,0.91,River,0.9089,Stream,0.8797,0,N/A,"#7fa197,#929a95,#7c7d78",False
IMG_8491.HEIC,N/A,N/A,N/A,N/A,N/A,N/A,N/A,N/A,N/A,N/A,N/A,N/A,N/A,N/A,N/A,N/A,N/A,N/A,N/A,N/A,N/A,N/A,N/A,N/A,N/A,N/A,N/A,N/A,N/A,N/A,1,"joy=VERY_LIKELY,sorrow=VERY_UNLIKELY,anger=VERY_UNLIKELY,surprise=VERY_UNLIKELY","#ca4753,#b25a60,#893c40",True
IMG_0197.HEIC,Smile,0.8853,Muscle,0.8456,Waist,0.8438,Knee,0.819,Physical fitness,0.8187,Bermuda shorts,0.7692,Active Shorts,0.7625,Torso,0.7325,Active Shirt,0.6718,Abdomen,0.6669,Calf,0.6202,Advertising,0.5649,Stomach,0.5522,N/A,N/A,N/A,N/A,2,"joy=VERY_LIKELY,sorrow=VERY_UNLIKELY,anger=VERY_UNLIKELY,surprise=VERY_UNLIKELY; joy=VERY_LIKELY,sorrow=VERY_UNLIKELY,anger=VERY_UNLIKELY,surprise=VERY_UNLIKELY","#363336,#19171b,#525257",True
IMG_8913.HEIC,Sportswear,0.9059,Calf,0.8554,Waist,0.8364,Knee,0.8232,Human back,0.7906,Active Pants,0.7395,Hip,0.7219,Active Shirt,0.6904,Physical fitness,0.6548,Bermuda shorts,0.5877,Walking Shoe,0.5267,Sleeveless shirt,0.5031,N/A,N/A,N/A,N/A,N/A,N/A,6,"joy=VERY_UNLIKELY,sorrow=VERY_UNLIKELY,anger=VERY_UNLIKELY,surprise=VERY_UNLIKELY; joy=VERY_UNLIKELY,sorrow=VERY_UNLIKELY,anger=VERY_UNLIKELY,surprise=VERY_UNLIKELY; joy=VERY_UNLIKELY,sorrow=VERY_UNLIKELY,anger=VERY_UNLIKELY,surprise=VERY_UNLIKELY; joy=VERY_UNLIKELY,sorrow=VERY_UNLIKELY,anger=VERY_UNLIKELY,surprise=VERY_UNLIKELY; joy=VERY_UNLIKELY,sorrow=VERY_UNLIKELY,anger=VERY_UNLIKELY,surprise=VERY_UNLIKELY; joy=VERY_UNLIKELY,sorrow=VERY_UNLIKELY,anger=VERY_UNLIKELY,surprise=VERY_UNLIKELY","#1b1b1d,#343132,#565251",True
IMG_8908.HEIC,Land vehicle,0.9879,Vehicle,0.9864,Car,0.9819,Automotive Exterior,0.9518,Automotive Tire,0.9358,Automotive lighting,0.9358,Bumper,0.9015,Car door,0.8859,Automotive Wheel System,0.8805,Hatchback,0.8365,Fender,0.8216,Automotive Side-View Mirror,0.8008,Vehicle registration plate,0.7909,Automotive Mirror,0.7657,Family car,0.7594,0,N/A,"#300b21,#8c9bb7,#7998ce",True
IMG_8519.HEIC,Shoe,0.979,Footwear,0.9783,Denim,0.948,Sneakers,0.9024,People in nature,0.8509,Walking Shoe,0.827,Foot,0.78,Sock,0.6537,Synthetic rubber,0.6482,Outdoor Shoe,0.6325,Ankle,0.5379,Balance,0.5273,N/A,N/A,N/A,N/A,N/A,N/A,0,N/A,"#7b4928,#9e643f,#512e19",False
IMG_0224.HEIC,Flower,0.9906,Plants,0.9715,Petal,0.9619,Pink,0.9242,Purple,0.891,Flowering plant,0.862,Garden,0.8232,Plant stem,0.7272,Herbaceous plant,0.7007,Botanical garden,0.6529,Wildflower,0.6461,Perennial plant,0.6171,Irises,0.5469,Slipper orchids,0.5364,Dicotyledon,0.5349,0,N/A,"#833b56,#e27ddc,#eb67de",True
